2018-01-02,268.7699890136719,SPY
2018-01-03,270.4700012207031,SPY
2018-01-04,271.6099853515625,SPY
2018-01-05,273.4200134277344,SPY
2018-01-06,273.4200134277344,SPY
2018-01-07,273.4200134277344,SPY
2018-01-08,273.9200134277344,SPY
2018-01-09,274.5400085449219,SPY
2018-01-10,274.1199951171875,SPY
2018-01-11,276.1199951171875,SPY
2018-01-12,277.9200134277344,SPY
2018-01-13,277.9200134277344,SPY
2018-01-14,277.9200134277344,SPY
2018-01-15,277.9200134277344,SPY
2018-01-16,276.9700012207031,SPY
2018-01-17,279.6099853515625,SPY
2018-01-18,279.1400146484375,SPY
2018-01-19,280.4100036621094,SPY
2018-01-20,280.4100036621094,SPY
2018-01-21,280.4100036621094,SPY
2018-01-22,282.69000244140625,SPY
2018-01-23,283.2900085449219,SPY
2018-01-24,283.17999267578125,SPY
2018-01-25,283.29998779296875,SPY
2018-01-26,286.5799865722656,SPY
2018-01-27,286.5799865722656,SPY
2018-01-28,286.5799865722656,SPY
2018-01-29,284.67999267578125,SPY
2018-01-30,281.760009765625,SPY
2018-01-31,281.8999938964844,SPY
2018-02-01,281.5799865722656,SPY
2018-02-02,275.45001220703125,SPY
2018-02-03,275.45001220703125,SPY
2018-02-04,275.45001220703125,SPY
2018-02-05,263.92999267578125,SPY
2018-02-06,269.1300048828125,SPY
2018-02-07,267.6700134277344,SPY
2018-02-08,257.6300048828125,SPY
2018-02-09,261.5,SPY
2018-02-10,261.5,SPY
2018-02-11,261.5,SPY
2018-02-12,265.3399963378906,SPY
2018-02-13,266.0,SPY
2018-02-14,269.5899963378906,SPY
2018-02-15,273.0299987792969,SPY
2018-02-16,273.1099853515625,SPY
2018-02-17,273.1099853515625,SPY
2018-02-18,273.1099853515625,SPY
2018-02-19,273.1099853515625,SPY
2018-02-20,271.3999938964844,SPY
2018-02-21,270.04998779296875,SPY
2018-02-22,270.3999938964844,SPY
2018-02-23,274.7099914550781,SPY
2018-02-24,274.7099914550781,SPY
2018-02-25,274.7099914550781,SPY
2018-02-26,277.8999938964844,SPY
2018-02-27,274.42999267578125,SPY
2018-02-28,271.6499938964844,SPY
2018-03-01,267.70001220703125,SPY
2018-03-02,269.0799865722656,SPY
2018-03-03,269.0799865722656,SPY
2018-03-04,269.0799865722656,SPY
2018-03-05,272.19000244140625,SPY
2018-03-06,272.8800048828125,SPY
2018-03-07,272.7799987792969,SPY
2018-03-08,274.1000061035156,SPY
2018-03-09,278.8699951171875,SPY
2018-03-10,278.8699951171875,SPY
2018-03-11,278.8699951171875,SPY
2018-03-12,278.5199890136719,SPY
2018-03-13,276.7200012207031,SPY
2018-03-14,275.29998779296875,SPY
2018-03-15,275.0,SPY
2018-03-16,274.20001220703125,SPY
2018-03-17,274.20001220703125,SPY
2018-03-18,274.20001220703125,SPY
2018-03-19,270.489990234375,SPY
2018-03-20,270.95001220703125,SPY
2018-03-21,270.42999267578125,SPY
2018-03-22,263.6700134277344,SPY
2018-03-23,258.04998779296875,SPY
2018-03-24,258.04998779296875,SPY
2018-03-25,258.04998779296875,SPY
2018-03-26,265.1099853515625,SPY
2018-03-27,260.6000061035156,SPY
2018-03-28,259.8299865722656,SPY
2018-03-29,263.1499938964844,SPY
2018-03-30,263.1499938964844,SPY
2018-03-31,263.1499938964844,SPY
2018-04-01,263.1499938964844,SPY
2018-04-02,257.4700012207031,SPY
2018-04-03,260.7699890136719,SPY
2018-04-04,263.55999755859375,SPY
2018-04-05,265.6400146484375,SPY
2018-04-06,259.7200012207031,SPY
2018-04-07,259.7200012207031,SPY
2018-04-08,259.7200012207031,SPY
2018-04-09,261.0,SPY
2018-04-10,265.1499938964844,SPY
2018-04-11,263.760009765625,SPY
2018-04-12,265.92999267578125,SPY
2018-04-13,265.1499938964844,SPY
2018-04-14,265.1499938964844,SPY
2018-04-15,265.1499938964844,SPY
2018-04-16,267.3299865722656,SPY
2018-04-17,270.19000244140625,SPY
2018-04-18,270.3900146484375,SPY
2018-04-19,268.8900146484375,SPY
2018-04-20,266.6099853515625,SPY
2018-04-21,266.6099853515625,SPY
2018-04-22,266.6099853515625,SPY
2018-04-23,266.57000732421875,SPY
2018-04-24,262.9800109863281,SPY
2018-04-25,263.6300048828125,SPY
2018-04-26,266.30999755859375,SPY
2018-04-27,266.55999755859375,SPY
2018-04-28,266.55999755859375,SPY
2018-04-29,266.55999755859375,SPY
2018-04-30,264.510009765625,SPY
2018-05-01,264.9800109863281,SPY
2018-05-02,263.20001220703125,SPY
2018-05-03,262.6199951171875,SPY
2018-05-04,266.0199890136719,SPY
2018-05-05,266.0199890136719,SPY
2018-05-06,266.0199890136719,SPY
2018-05-07,266.9200134277344,SPY
2018-05-08,266.9200134277344,SPY
2018-05-09,269.5,SPY
2018-05-10,272.0199890136719,SPY
2018-05-11,272.8500061035156,SPY
2018-05-12,272.8500061035156,SPY
2018-05-13,272.8500061035156,SPY
2018-05-14,272.9800109863281,SPY
2018-05-15,271.1000061035156,SPY
2018-05-16,272.239990234375,SPY
2018-05-17,272.010009765625,SPY
2018-05-18,271.3299865722656,SPY
2018-05-19,271.3299865722656,SPY
2018-05-20,271.3299865722656,SPY
2018-05-21,273.3699951171875,SPY
2018-05-22,272.6099853515625,SPY
2018-05-23,273.3599853515625,SPY
2018-05-24,272.79998779296875,SPY
2018-05-25,272.1499938964844,SPY
2018-05-26,272.1499938964844,SPY
2018-05-27,272.1499938964844,SPY
2018-05-28,272.1499938964844,SPY
2018-05-29,269.0199890136719,SPY
2018-05-30,272.6099853515625,SPY
2018-05-31,270.94000244140625,SPY
2018-06-01,273.6000061035156,SPY
2018-06-02,273.6000061035156,SPY
2018-06-03,273.6000061035156,SPY
2018-06-04,274.8999938964844,SPY
2018-06-05,275.1000061035156,SPY
2018-06-06,277.3999938964844,SPY
2018-06-07,277.3699951171875,SPY
2018-06-08,278.19000244140625,SPY
2018-06-09,278.19000244140625,SPY
2018-06-10,278.19000244140625,SPY
2018-06-11,278.55999755859375,SPY
2018-06-12,278.9200134277344,SPY
2018-06-13,278.0299987792969,SPY
2018-06-14,278.7300109863281,SPY
2018-06-15,277.1300048828125,SPY
2018-06-16,277.1300048828125,SPY
2018-06-17,277.1300048828125,SPY
2018-06-18,276.55999755859375,SPY
2018-06-19,275.5,SPY
2018-06-20,275.9700012207031,SPY
2018-06-21,274.239990234375,SPY
2018-06-22,274.739990234375,SPY
2018-06-23,274.739990234375,SPY
2018-06-24,274.739990234375,SPY
2018-06-25,271.0,SPY
2018-06-26,271.6000061035156,SPY
2018-06-27,269.3500061035156,SPY
2018-06-28,270.8900146484375,SPY
2018-06-29,271.2799987792969,SPY
2018-06-30,271.2799987792969,SPY
2018-07-01,271.2799987792969,SPY
2018-07-02,271.8599853515625,SPY
2018-07-03,270.8999938964844,SPY
2018-07-04,270.8999938964844,SPY
2018-07-05,273.1099853515625,SPY
2018-07-06,275.4200134277344,SPY
2018-07-07,275.4200134277344,SPY
2018-07-08,275.4200134277344,SPY
2018-07-09,277.8999938964844,SPY
2018-07-10,278.8999938964844,SPY
2018-07-11,276.8599853515625,SPY
2018-07-12,279.3699951171875,SPY
2018-07-13,279.5899963378906,SPY
2018-07-14,279.5899963378906,SPY
2018-07-15,279.5899963378906,SPY
2018-07-16,279.3399963378906,SPY
2018-07-17,280.4700012207031,SPY
2018-07-18,281.05999755859375,SPY
2018-07-19,280.0,SPY
2018-07-20,279.67999267578125,SPY
2018-07-21,279.67999267578125,SPY
2018-07-22,279.67999267578125,SPY
2018-07-23,280.20001220703125,SPY
2018-07-24,281.6099853515625,SPY
2018-07-25,284.010009765625,SPY
2018-07-26,283.3399963378906,SPY
2018-07-27,281.4200134277344,SPY
2018-07-28,281.4200134277344,SPY
2018-07-29,281.4200134277344,SPY
2018-07-30,279.95001220703125,SPY
2018-07-31,281.3299865722656,SPY
2018-08-01,280.8599853515625,SPY
2018-08-02,282.3900146484375,SPY
2018-08-03,283.6000061035156,SPY
2018-08-04,283.6000061035156,SPY
2018-08-05,283.6000061035156,SPY
2018-08-06,284.6400146484375,SPY
2018-08-07,285.5799865722656,SPY
2018-08-08,285.4599914550781,SPY
2018-08-09,285.07000732421875,SPY
2018-08-10,283.1600036621094,SPY
2018-08-11,283.1600036621094,SPY
2018-08-12,283.1600036621094,SPY
2018-08-13,282.1000061035156,SPY
2018-08-14,283.8999938964844,SPY
2018-08-15,281.7799987792969,SPY
2018-08-16,284.05999755859375,SPY
2018-08-17,285.05999755859375,SPY
2018-08-18,285.05999755859375,SPY
2018-08-19,285.05999755859375,SPY
2018-08-20,285.6700134277344,SPY
2018-08-21,286.3399963378906,SPY
2018-08-22,286.1700134277344,SPY
2018-08-23,285.7900085449219,SPY
2018-08-24,287.510009765625,SPY
2018-08-25,287.510009765625,SPY
2018-08-26,287.510009765625,SPY
2018-08-27,289.7799987792969,SPY
2018-08-28,289.9200134277344,SPY
2018-08-29,291.4800109863281,SPY
2018-08-30,290.29998779296875,SPY
2018-08-31,290.30999755859375,SPY
2018-09-01,290.30999755859375,SPY
2018-09-02,290.30999755859375,SPY
2018-09-03,290.30999755859375,SPY
2018-09-04,289.80999755859375,SPY
2018-09-05,289.0299987792969,SPY
2018-09-06,288.1600036621094,SPY
2018-09-07,287.6000061035156,SPY
2018-09-08,287.6000061035156,SPY
2018-09-09,287.6000061035156,SPY
2018-09-10,288.1000061035156,SPY
2018-09-11,289.04998779296875,SPY
2018-09-12,289.1199951171875,SPY
2018-09-13,290.8299865722656,SPY
2018-09-14,290.8800048828125,SPY
2018-09-15,290.8800048828125,SPY
2018-09-16,290.8800048828125,SPY
2018-09-17,289.3399963378906,SPY
2018-09-18,290.9100036621094,SPY
2018-09-19,291.2200012207031,SPY
2018-09-20,293.5799865722656,SPY
2018-09-21,291.989990234375,SPY
2018-09-22,291.989990234375,SPY
2018-09-23,291.989990234375,SPY
2018-09-24,291.0199890136719,SPY
2018-09-25,290.75,SPY
2018-09-26,289.8800048828125,SPY
2018-09-27,290.69000244140625,SPY
2018-09-28,290.7200012207031,SPY
2018-09-29,290.7200012207031,SPY
2018-09-30,290.7200012207031,SPY
2018-10-01,291.7300109863281,SPY
2018-10-02,291.55999755859375,SPY
2018-10-03,291.7200012207031,SPY
2018-10-04,289.44000244140625,SPY
2018-10-05,287.82000732421875,SPY
2018-10-06,287.82000732421875,SPY
2018-10-07,287.82000732421875,SPY
2018-10-08,287.82000732421875,SPY
2018-10-09,287.3999938964844,SPY
2018-10-10,278.29998779296875,SPY
2018-10-11,272.1700134277344,SPY
2018-10-12,275.95001220703125,SPY
2018-10-13,275.95001220703125,SPY
2018-10-14,275.95001220703125,SPY
2018-10-15,274.3999938964844,SPY
2018-10-16,280.3999938964844,SPY
2018-10-17,280.45001220703125,SPY
2018-10-18,276.3999938964844,SPY
2018-10-19,276.25,SPY
2018-10-20,276.25,SPY
2018-10-21,276.25,SPY
2018-10-22,275.010009765625,SPY
2018-10-23,273.6099853515625,SPY
2018-10-24,265.32000732421875,SPY
2018-10-25,270.0799865722656,SPY
2018-10-26,265.3299865722656,SPY
2018-10-27,265.3299865722656,SPY
2018-10-28,265.3299865722656,SPY
2018-10-29,263.8599853515625,SPY
2018-10-30,267.7699890136719,SPY
2018-10-31,270.6300048828125,SPY
2018-11-01,273.510009765625,SPY
2018-11-02,271.8900146484375,SPY
2018-11-03,271.8900146484375,SPY
2018-11-04,271.8900146484375,SPY
2018-11-05,273.3900146484375,SPY
2018-11-06,275.1199951171875,SPY
2018-11-07,281.010009765625,SPY
2018-11-08,280.5,SPY
2018-11-09,277.760009765625,SPY
2018-11-10,277.760009765625,SPY
2018-11-11,277.760009765625,SPY
2018-11-12,272.57000732421875,SPY
2018-11-13,272.05999755859375,SPY
2018-11-14,270.20001220703125,SPY
2018-11-15,273.0199890136719,SPY
2018-11-16,273.7300109863281,SPY
2018-11-17,273.7300109863281,SPY
2018-11-18,273.7300109863281,SPY
2018-11-19,269.1000061035156,SPY
2018-11-20,264.1199951171875,SPY
2018-11-21,265.0199890136719,SPY
2018-11-22,265.0199890136719,SPY
2018-11-23,263.25,SPY
2018-11-24,263.25,SPY
2018-11-25,263.25,SPY
2018-11-26,267.5,SPY
2018-11-27,268.3999938964844,SPY
2018-11-28,274.5799865722656,SPY
2018-11-29,273.9800109863281,SPY
2018-11-30,275.6499938964844,SPY
2018-12-01,275.6499938964844,SPY
2018-12-02,275.6499938964844,SPY
2018-12-03,279.29998779296875,SPY
2018-12-04,270.25,SPY
2018-12-05,270.25,SPY
2018-12-06,269.8399963378906,SPY
2018-12-07,263.57000732421875,SPY
2018-12-08,263.57000732421875,SPY
2018-12-09,263.57000732421875,SPY
2018-12-10,264.07000732421875,SPY
2018-12-11,264.1300048828125,SPY
2018-12-12,265.4599914550781,SPY
2018-12-13,265.3699951171875,SPY
2018-12-14,260.4700012207031,SPY
2018-12-15,260.4700012207031,SPY
2018-12-16,260.4700012207031,SPY
2018-12-17,255.36000061035156,SPY
2018-12-18,255.0800018310547,SPY
2018-12-19,251.25999450683594,SPY
2018-12-20,247.1699981689453,SPY
2018-12-21,240.6999969482422,SPY
2018-12-22,240.6999969482422,SPY
2018-12-23,240.6999969482422,SPY
2018-12-24,234.33999633789062,SPY
2018-12-25,234.33999633789062,SPY
2018-12-26,246.17999267578125,SPY
2018-12-27,248.07000732421875,SPY
2018-12-28,247.75,SPY
2018-12-29,247.75,SPY
2018-12-30,247.75,SPY
2018-12-31,249.9199981689453,SPY
2019-01-01,249.9199981689453,SPY
2019-01-02,250.17999267578125,SPY
2019-01-03,244.2100067138672,SPY
2019-01-04,252.38999938964844,SPY
2019-01-05,252.38999938964844,SPY
2019-01-06,252.38999938964844,SPY
2019-01-07,254.3800048828125,SPY
2019-01-08,256.7699890136719,SPY
2019-01-09,257.9700012207031,SPY
2019-01-10,258.8800048828125,SPY
2019-01-11,258.9800109863281,SPY
2019-01-12,258.9800109863281,SPY
2019-01-13,258.9800109863281,SPY
2019-01-14,257.3999938964844,SPY
2019-01-15,260.3500061035156,SPY
2019-01-16,260.9800109863281,SPY
2019-01-17,262.9599914550781,SPY
2019-01-18,266.4599914550781,SPY
2019-01-19,266.4599914550781,SPY
2019-01-20,266.4599914550781,SPY
2019-01-21,266.4599914550781,SPY
2019-01-22,262.8599853515625,SPY
2019-01-23,263.4100036621094,SPY
2019-01-24,263.54998779296875,SPY
2019-01-25,265.7799987792969,SPY
2019-01-26,265.7799987792969,SPY
2019-01-27,265.7799987792969,SPY
2019-01-28,263.760009765625,SPY
2019-01-29,263.4100036621094,SPY
2019-01-30,267.5799865722656,SPY
2019-01-31,269.92999267578125,SPY
2019-02-01,270.05999755859375,SPY
2019-02-02,270.05999755859375,SPY
2019-02-03,270.05999755859375,SPY
2019-02-04,271.9599914550781,SPY
2019-02-05,273.1000061035156,SPY
2019-02-06,272.739990234375,SPY
2019-02-07,270.1400146484375,SPY
2019-02-08,270.4700012207031,SPY
2019-02-09,270.4700012207031,SPY
2019-02-10,270.4700012207031,SPY
2019-02-11,270.6199951171875,SPY
2019-02-12,274.1000061035156,SPY
2019-02-13,274.989990234375,SPY
2019-02-14,274.3800048828125,SPY
2019-02-15,277.3699951171875,SPY
2019-02-16,277.3699951171875,SPY
2019-02-17,277.3699951171875,SPY
2019-02-18,277.3699951171875,SPY
2019-02-19,277.8500061035156,SPY
2019-02-20,278.4100036621094,SPY
2019-02-21,277.4200134277344,SPY
2019-02-22,279.1400146484375,SPY
2019-02-23,279.1400146484375,SPY
2019-02-24,279.1400146484375,SPY
2019-02-25,279.5199890136719,SPY
2019-02-26,279.32000732421875,SPY
2019-02-27,279.20001220703125,SPY
2019-02-28,278.67999267578125,SPY
2019-03-01,280.4200134277344,SPY
2019-03-02,280.4200134277344,SPY
2019-03-03,280.4200134277344,SPY
2019-03-04,279.3999938964844,SPY
2019-03-05,279.0199890136719,SPY
2019-03-06,277.3299865722656,SPY
2019-03-07,275.010009765625,SPY
2019-03-08,274.4599914550781,SPY
2019-03-09,274.4599914550781,SPY
2019-03-10,274.4599914550781,SPY
2019-03-11,278.44000244140625,SPY
2019-03-12,279.489990234375,SPY
2019-03-13,281.3399963378906,SPY
2019-03-14,281.1600036621094,SPY
2019-03-15,281.30999755859375,SPY
2019-03-16,281.30999755859375,SPY
2019-03-17,281.30999755859375,SPY
2019-03-18,282.3299865722656,SPY
2019-03-19,282.3999938964844,SPY
2019-03-20,281.54998779296875,SPY
2019-03-21,284.7300109863281,SPY
2019-03-22,279.25,SPY
2019-03-23,279.25,SPY
2019-03-24,279.25,SPY
2019-03-25,279.0400085449219,SPY
2019-03-26,281.1199951171875,SPY
2019-03-27,279.6499938964844,SPY
2019-03-28,280.7099914550781,SPY
2019-03-29,282.4800109863281,SPY
2019-03-30,282.4800109863281,SPY
2019-03-31,282.4800109863281,SPY
2019-04-01,285.8299865722656,SPY
2019-04-02,285.9700012207031,SPY
2019-04-03,286.4200134277344,SPY
2019-04-04,287.17999267578125,SPY
2019-04-05,288.57000732421875,SPY
2019-04-06,288.57000732421875,SPY
2019-04-07,288.57000732421875,SPY
2019-04-08,288.7900085449219,SPY
2019-04-09,287.30999755859375,SPY
2019-04-10,288.2900085449219,SPY
2019-04-11,288.2099914550781,SPY
2019-04-12,290.1600036621094,SPY
2019-04-13,290.1600036621094,SPY
2019-04-14,290.1600036621094,SPY
2019-04-15,289.9700012207031,SPY
2019-04-16,290.1600036621094,SPY
2019-04-17,289.45001220703125,SPY
2019-04-18,290.0199890136719,SPY
2019-04-19,290.0199890136719,SPY
2019-04-20,290.0199890136719,SPY
2019-04-21,290.0199890136719,SPY
2019-04-22,290.2699890136719,SPY
2019-04-23,292.8800048828125,SPY
2019-04-24,292.2300109863281,SPY
2019-04-25,292.04998779296875,SPY
2019-04-26,293.4100036621094,SPY
2019-04-27,293.4100036621094,SPY
2019-04-28,293.4100036621094,SPY
2019-04-29,293.8699951171875,SPY
2019-04-30,294.0199890136719,SPY
2019-05-01,291.80999755859375,SPY
2019-05-02,291.17999267578125,SPY
2019-05-03,294.0299987792969,SPY
2019-05-04,294.0299987792969,SPY
2019-05-05,294.0299987792969,SPY
2019-05-06,292.82000732421875,SPY
2019-05-07,287.92999267578125,SPY
2019-05-08,287.5299987792969,SPY
2019-05-09,286.6600036621094,SPY
2019-05-10,288.1000061035156,SPY
2019-05-11,288.1000061035156,SPY
2019-05-12,288.1000061035156,SPY
2019-05-13,280.8599853515625,SPY
2019-05-14,283.3999938964844,SPY
2019-05-15,285.05999755859375,SPY
2019-05-16,287.70001220703125,SPY
2019-05-17,285.8399963378906,SPY
2019-05-18,285.8399963378906,SPY
2019-05-19,285.8399963378906,SPY
2019-05-20,283.95001220703125,SPY
2019-05-21,286.510009765625,SPY
2019-05-22,285.6300048828125,SPY
2019-05-23,282.1400146484375,SPY
2019-05-24,282.7799987792969,SPY
2019-05-25,282.7799987792969,SPY
2019-05-26,282.7799987792969,SPY
2019-05-27,282.7799987792969,SPY
2019-05-28,280.1499938964844,SPY
2019-05-29,278.2699890136719,SPY
2019-05-30,279.0299987792969,SPY
2019-05-31,275.2699890136719,SPY
2019-06-01,275.2699890136719,SPY
2019-06-02,275.2699890136719,SPY
2019-06-03,274.57000732421875,SPY
2019-06-04,280.5299987792969,SPY
2019-06-05,282.9599914550781,SPY
2019-06-06,284.79998779296875,SPY
2019-06-07,287.6499938964844,SPY
2019-06-08,287.6499938964844,SPY
2019-06-09,287.6499938964844,SPY
2019-06-10,288.9700012207031,SPY
2019-06-11,288.8999938964844,SPY
2019-06-12,288.3900146484375,SPY
2019-06-13,289.5799865722656,SPY
2019-06-14,289.260009765625,SPY
2019-06-15,289.260009765625,SPY
2019-06-16,289.260009765625,SPY
2019-06-17,289.3699951171875,SPY
2019-06-18,292.3999938964844,SPY
2019-06-19,293.05999755859375,SPY
2019-06-20,295.8599853515625,SPY
2019-06-21,294.0,SPY
2019-06-22,294.0,SPY
2019-06-23,294.0,SPY
2019-06-24,293.6400146484375,SPY
2019-06-25,290.760009765625,SPY
2019-06-26,290.4700012207031,SPY
2019-06-27,291.5,SPY
2019-06-28,293.0,SPY
2019-06-29,293.0,SPY
2019-06-30,293.0,SPY
2019-07-01,295.6600036621094,SPY
2019-07-02,296.42999267578125,SPY
2019-07-03,298.79998779296875,SPY
2019-07-04,298.79998779296875,SPY
2019-07-05,298.4599914550781,SPY
2019-07-06,298.4599914550781,SPY
2019-07-07,298.4599914550781,SPY
2019-07-08,296.82000732421875,SPY
2019-07-09,297.19000244140625,SPY
2019-07-10,298.6099853515625,SPY
2019-07-11,299.30999755859375,SPY
2019-07-12,300.6499938964844,SPY
2019-07-13,300.6499938964844,SPY
2019-07-14,300.6499938964844,SPY
2019-07-15,300.75,SPY
2019-07-16,299.7799987792969,SPY
2019-07-17,297.739990234375,SPY
2019-07-18,298.8299865722656,SPY
2019-07-19,297.1700134277344,SPY
2019-07-20,297.1700134277344,SPY
2019-07-21,297.1700134277344,SPY
2019-07-22,297.8999938964844,SPY
2019-07-23,300.0299987792969,SPY
2019-07-24,301.44000244140625,SPY
2019-07-25,300.0,SPY
2019-07-26,302.010009765625,SPY
2019-07-27,302.010009765625,SPY
2019-07-28,302.010009765625,SPY
2019-07-29,301.4599914550781,SPY
2019-07-30,300.7200012207031,SPY
2019-07-31,297.42999267578125,SPY
2019-08-01,294.8399963378906,SPY
2019-08-02,292.6199951171875,SPY
2019-08-03,292.6199951171875,SPY
2019-08-04,292.6199951171875,SPY
2019-08-05,283.82000732421875,SPY
2019-08-06,287.79998779296875,SPY
2019-08-07,287.9700012207031,SPY
2019-08-08,293.6199951171875,SPY
2019-08-09,291.6199951171875,SPY
2019-08-10,291.6199951171875,SPY
2019-08-11,291.6199951171875,SPY
2019-08-12,288.07000732421875,SPY
2019-08-13,292.54998779296875,SPY
2019-08-14,283.8999938964844,SPY
2019-08-15,284.6499938964844,SPY
2019-08-16,288.8500061035156,SPY
2019-08-17,288.8500061035156,SPY
2019-08-18,288.8500061035156,SPY
2019-08-19,292.3299865722656,SPY
2019-08-20,290.0899963378906,SPY
2019-08-21,292.45001220703125,SPY
2019-08-22,292.3599853515625,SPY
2019-08-23,284.8500061035156,SPY
2019-08-24,284.8500061035156,SPY
2019-08-25,284.8500061035156,SPY
2019-08-26,288.0,SPY
2019-08-27,286.8699951171875,SPY
2019-08-28,288.8900146484375,SPY
2019-08-29,292.5799865722656,SPY
2019-08-30,292.45001220703125,SPY
2019-08-31,292.45001220703125,SPY
2019-09-01,292.45001220703125,SPY
2019-09-02,292.45001220703125,SPY
2019-09-03,290.739990234375,SPY
2019-09-04,294.0400085449219,SPY
2019-09-05,297.82000732421875,SPY
2019-09-06,298.04998779296875,SPY
2019-09-07,298.04998779296875,SPY
2019-09-08,298.04998779296875,SPY
2019-09-09,298.20001220703125,SPY
2019-09-10,298.1300048828125,SPY
2019-09-11,300.25,SPY
2019-09-12,301.2900085449219,SPY
2019-09-13,301.0899963378906,SPY
2019-09-14,301.0899963378906,SPY
2019-09-15,301.0899963378906,SPY
2019-09-16,300.1600036621094,SPY
2019-09-17,300.9200134277344,SPY
2019-09-18,301.1000061035156,SPY
2019-09-19,301.0799865722656,SPY
2019-09-20,298.2799987792969,SPY
2019-09-21,298.2799987792969,SPY
2019-09-22,298.2799987792969,SPY
2019-09-23,298.2099914550781,SPY
2019-09-24,295.8699951171875,SPY
2019-09-25,297.6199951171875,SPY
2019-09-26,297.0,SPY
2019-09-27,295.3999938964844,SPY
2019-09-28,295.3999938964844,SPY
2019-09-29,295.3999938964844,SPY
2019-09-30,296.7699890136719,SPY
2019-10-01,293.239990234375,SPY
2019-10-02,288.05999755859375,SPY
2019-10-03,290.4200134277344,SPY
2019-10-04,294.3500061035156,SPY
2019-10-05,294.3500061035156,SPY
2019-10-06,294.3500061035156,SPY
2019-10-07,293.0799865722656,SPY
2019-10-08,288.5299987792969,SPY
2019-10-09,291.2699890136719,SPY
2019-10-10,293.239990234375,SPY
2019-10-11,296.2799987792969,SPY
2019-10-12,296.2799987792969,SPY
2019-10-13,296.2799987792969,SPY
2019-10-14,295.95001220703125,SPY
2019-10-15,298.8800048828125,SPY
2019-10-16,298.3999938964844,SPY
2019-10-17,299.2799987792969,SPY
2019-10-18,297.9700012207031,SPY
2019-10-19,297.9700012207031,SPY
2019-10-20,297.9700012207031,SPY
2019-10-21,299.989990234375,SPY
2019-10-22,299.010009765625,SPY
2019-10-23,299.8800048828125,SPY
2019-10-24,300.3699951171875,SPY
2019-10-25,301.6000061035156,SPY
2019-10-26,301.6000061035156,SPY
2019-10-27,301.6000061035156,SPY
2019-10-28,303.29998779296875,SPY
2019-10-29,303.2099914550781,SPY
2019-10-30,304.1400146484375,SPY
2019-10-31,303.3299865722656,SPY
2019-11-01,306.1400146484375,SPY
2019-11-02,306.1400146484375,SPY
2019-11-03,306.1400146484375,SPY
2019-11-04,307.3699951171875,SPY
2019-11-05,307.0299987792969,SPY
2019-11-06,307.1000061035156,SPY
2019-11-07,308.17999267578125,SPY
2019-11-08,308.94000244140625,SPY
2019-11-09,308.94000244140625,SPY
2019-11-10,308.94000244140625,SPY
2019-11-11,308.3500061035156,SPY
2019-11-12,309.0,SPY
2019-11-13,309.1000061035156,SPY
2019-11-14,309.54998779296875,SPY
2019-11-15,311.7900085449219,SPY
2019-11-16,311.7900085449219,SPY
2019-11-17,311.7900085449219,SPY
2019-11-18,312.0199890136719,SPY
2019-11-19,311.92999267578125,SPY
2019-11-20,310.7699890136719,SPY
2019-11-21,310.2699890136719,SPY
2019-11-22,310.9599914550781,SPY
2019-11-23,310.9599914550781,SPY
2019-11-24,310.9599914550781,SPY
2019-11-25,313.3699951171875,SPY
2019-11-26,314.0799865722656,SPY
2019-11-27,315.4800109863281,SPY
2019-11-28,315.4800109863281,SPY
2019-11-29,314.30999755859375,SPY
2019-11-30,314.30999755859375,SPY
2019-12-01,314.30999755859375,SPY
2019-12-02,311.6400146484375,SPY
2019-12-03,309.54998779296875,SPY
2019-12-04,311.4599914550781,SPY
2019-12-05,312.0199890136719,SPY
2019-12-06,314.8699951171875,SPY
2019-12-07,314.8699951171875,SPY
2019-12-08,314.8699951171875,SPY
2019-12-09,313.8800048828125,SPY
2019-12-10,313.5299987792969,SPY
2019-12-11,314.4200134277344,SPY
2019-12-12,317.1300048828125,SPY
2019-12-13,317.32000732421875,SPY
2019-12-14,317.32000732421875,SPY
2019-12-15,317.32000732421875,SPY
2019-12-16,319.5,SPY
2019-12-17,319.57000732421875,SPY
2019-12-18,319.5899963378906,SPY
2019-12-19,320.8999938964844,SPY
2019-12-20,320.7300109863281,SPY
2019-12-21,320.7300109863281,SPY
2019-12-22,320.7300109863281,SPY
2019-12-23,321.2200012207031,SPY
2019-12-24,321.2300109863281,SPY
2019-12-25,321.2300109863281,SPY
2019-12-26,322.94000244140625,SPY
2019-12-27,322.8599853515625,SPY
2019-12-28,322.8599853515625,SPY
2019-12-29,322.8599853515625,SPY
2019-12-30,321.0799865722656,SPY
2019-12-31,321.8599853515625,SPY
2020-01-01,321.8599853515625,SPY
2020-01-02,324.8699951171875,SPY
2020-01-03,322.4100036621094,SPY
2020-01-04,322.4100036621094,SPY
2020-01-05,322.4100036621094,SPY
2020-01-06,323.6400146484375,SPY
2020-01-07,322.7300109863281,SPY
2020-01-08,324.45001220703125,SPY
2020-01-09,326.6499938964844,SPY
2020-01-10,325.7099914550781,SPY
2020-01-11,325.7099914550781,SPY
2020-01-12,325.7099914550781,SPY
2020-01-13,327.95001220703125,SPY
2020-01-14,327.45001220703125,SPY
2020-01-15,328.19000244140625,SPY
2020-01-16,330.9200134277344,SPY
2020-01-17,331.95001220703125,SPY
2020-01-18,331.95001220703125,SPY
2020-01-19,331.95001220703125,SPY
2020-01-20,331.95001220703125,SPY
2020-01-21,331.29998779296875,SPY
2020-01-22,331.3399963378906,SPY
2020-01-23,331.7200012207031,SPY
2020-01-24,328.7699890136719,SPY
2020-01-25,328.7699890136719,SPY
2020-01-26,328.7699890136719,SPY
2020-01-27,323.5,SPY
2020-01-28,326.8900146484375,SPY
2020-01-29,326.6199951171875,SPY
2020-01-30,327.67999267578125,SPY
2020-01-31,321.7300109863281,SPY
2020-02-01,321.7300109863281,SPY
2020-02-02,321.7300109863281,SPY
2020-02-03,324.1199951171875,SPY
2020-02-04,329.05999755859375,SPY
2020-02-05,332.8599853515625,SPY
2020-02-06,333.9800109863281,SPY
2020-02-07,332.20001220703125,SPY
2020-02-08,332.20001220703125,SPY
2020-02-09,332.20001220703125,SPY
2020-02-10,334.67999267578125,SPY
2020-02-11,335.260009765625,SPY
2020-02-12,337.4200134277344,SPY
2020-02-13,337.05999755859375,SPY
2020-02-14,337.6000061035156,SPY
2020-02-15,337.6000061035156,SPY
2020-02-16,337.6000061035156,SPY
2020-02-17,337.6000061035156,SPY
2020-02-18,336.7300109863281,SPY
2020-02-19,338.3399963378906,SPY
2020-02-20,336.95001220703125,SPY
2020-02-21,333.4800109863281,SPY
2020-02-22,333.4800109863281,SPY
2020-02-23,333.4800109863281,SPY
2020-02-24,322.4200134277344,SPY
2020-02-25,312.6499938964844,SPY
2020-02-26,311.5,SPY
2020-02-27,297.510009765625,SPY
2020-02-28,296.260009765625,SPY
2020-02-29,296.260009765625,SPY
2020-03-01,296.260009765625,SPY
2020-03-02,309.0899963378906,SPY
2020-03-03,300.239990234375,SPY
2020-03-04,312.8599853515625,SPY
2020-03-05,302.4599914550781,SPY
2020-03-06,297.4599914550781,SPY
2020-03-07,297.4599914550781,SPY
2020-03-08,297.4599914550781,SPY
2020-03-09,274.2300109863281,SPY
2020-03-10,288.4200134277344,SPY
2020-03-11,274.3599853515625,SPY
2020-03-12,248.11000061035156,SPY
2020-03-13,269.32000732421875,SPY
2020-03-14,269.32000732421875,SPY
2020-03-15,269.32000732421875,SPY
2020-03-16,239.85000610351562,SPY
2020-03-17,252.8000030517578,SPY
2020-03-18,240.0,SPY
2020-03-19,240.50999450683594,SPY
2020-03-20,228.8000030517578,SPY
2020-03-21,228.8000030517578,SPY
2020-03-22,228.8000030517578,SPY
2020-03-23,222.9499969482422,SPY
2020-03-24,243.14999389648438,SPY
2020-03-25,246.7899932861328,SPY
2020-03-26,261.20001220703125,SPY
2020-03-27,253.4199981689453,SPY
2020-03-28,253.4199981689453,SPY
2020-03-29,253.4199981689453,SPY
2020-03-30,261.6499938964844,SPY
2020-03-31,257.75,SPY
2020-04-01,246.14999389648438,SPY
2020-04-02,251.8300018310547,SPY
2020-04-03,248.19000244140625,SPY
2020-04-04,248.19000244140625,SPY
2020-04-05,248.19000244140625,SPY
2020-04-06,264.8599853515625,SPY
2020-04-07,265.1300048828125,SPY
2020-04-08,274.0299987792969,SPY
2020-04-09,278.20001220703125,SPY
2020-04-10,278.20001220703125,SPY
2020-04-11,278.20001220703125,SPY
2020-04-12,278.20001220703125,SPY
2020-04-13,275.6600036621094,SPY
2020-04-14,283.7900085449219,SPY
2020-04-15,277.760009765625,SPY
2020-04-16,279.1000061035156,SPY
2020-04-17,286.6400146484375,SPY
2020-04-18,286.6400146484375,SPY
2020-04-19,286.6400146484375,SPY
2020-04-20,281.5899963378906,SPY
2020-04-21,273.0400085449219,SPY
2020-04-22,279.1000061035156,SPY
2020-04-23,279.0799865722656,SPY
2020-04-24,282.9700012207031,SPY
2020-04-25,282.9700012207031,SPY
2020-04-26,282.9700012207031,SPY
2020-04-27,287.04998779296875,SPY
2020-04-28,285.7300109863281,SPY
2020-04-29,293.2099914550781,SPY
2020-04-30,290.4800109863281,SPY
2020-05-01,282.7900085449219,SPY
2020-05-02,282.7900085449219,SPY
2020-05-03,282.7900085449219,SPY
2020-05-04,283.57000732421875,SPY
2020-05-05,286.19000244140625,SPY
2020-05-06,284.25,SPY
2020-05-07,287.67999267578125,SPY
2020-05-08,292.44000244140625,SPY
2020-05-09,292.44000244140625,SPY
2020-05-10,292.44000244140625,SPY
2020-05-11,292.5,SPY
2020-05-12,286.6700134277344,SPY
2020-05-13,281.6000061035156,SPY
2020-05-14,284.9700012207031,SPY
2020-05-15,286.2799987792969,SPY
2020-05-16,286.2799987792969,SPY
2020-05-17,286.2799987792969,SPY
2020-05-18,295.0,SPY
2020-05-19,291.9700012207031,SPY
2020-05-20,296.92999267578125,SPY
2020-05-21,294.8800048828125,SPY
2020-05-22,295.44000244140625,SPY
2020-05-23,295.44000244140625,SPY
2020-05-24,295.44000244140625,SPY
2020-05-25,295.44000244140625,SPY
2020-05-26,299.0799865722656,SPY
2020-05-27,303.5299987792969,SPY
2020-05-28,302.9700012207031,SPY
2020-05-29,304.32000732421875,SPY
2020-05-30,304.32000732421875,SPY
2020-05-31,304.32000732421875,SPY
2020-06-01,305.54998779296875,SPY
2020-06-02,308.0799865722656,SPY
2020-06-03,312.17999267578125,SPY
2020-06-04,311.3599853515625,SPY
2020-06-05,319.3399963378906,SPY
2020-06-06,319.3399963378906,SPY
2020-06-07,319.3399963378906,SPY
2020-06-08,323.20001220703125,SPY
2020-06-09,320.7900085449219,SPY
2020-06-10,319.0,SPY
2020-06-11,300.6099853515625,SPY
2020-06-12,304.2099914550781,SPY
2020-06-13,304.2099914550781,SPY
2020-06-14,304.2099914550781,SPY
2020-06-15,307.04998779296875,SPY
2020-06-16,312.9599914550781,SPY
2020-06-17,311.6600036621094,SPY
2020-06-18,311.7799987792969,SPY
2020-06-19,308.6400146484375,SPY
2020-06-20,308.6400146484375,SPY
2020-06-21,308.6400146484375,SPY
2020-06-22,310.6199951171875,SPY
2020-06-23,312.04998779296875,SPY
2020-06-24,304.0899963378906,SPY
2020-06-25,307.3500061035156,SPY
2020-06-26,300.04998779296875,SPY
2020-06-27,300.04998779296875,SPY
2020-06-28,300.04998779296875,SPY
2020-06-29,304.4599914550781,SPY
2020-06-30,308.3599853515625,SPY
2020-07-01,310.5199890136719,SPY
2020-07-02,312.2300109863281,SPY
2020-07-03,312.2300109863281,SPY
2020-07-04,312.2300109863281,SPY
2020-07-05,312.2300109863281,SPY
2020-07-06,317.04998779296875,SPY
2020-07-07,313.7799987792969,SPY
2020-07-08,316.17999267578125,SPY
2020-07-09,314.3800048828125,SPY
2020-07-10,317.5899963378906,SPY
2020-07-11,317.5899963378906,SPY
2020-07-12,317.5899963378906,SPY
2020-07-13,314.8399963378906,SPY
2020-07-14,318.9200134277344,SPY
2020-07-15,321.8500061035156,SPY
2020-07-16,320.7900085449219,SPY
2020-07-17,321.7200012207031,SPY
2020-07-18,321.7200012207031,SPY
2020-07-19,321.7200012207031,SPY
2020-07-20,324.32000732421875,SPY
2020-07-21,325.010009765625,SPY
2020-07-22,326.8599853515625,SPY
2020-07-23,322.9599914550781,SPY
2020-07-24,320.8800048828125,SPY
2020-07-25,320.8800048828125,SPY
2020-07-26,320.8800048828125,SPY
2020-07-27,323.2200012207031,SPY
2020-07-28,321.1700134277344,SPY
2020-07-29,325.1199951171875,SPY
2020-07-30,323.9599914550781,SPY
2020-07-31,326.5199890136719,SPY
2020-08-01,326.5199890136719,SPY
2020-08-02,326.5199890136719,SPY
2020-08-03,328.7900085449219,SPY
2020-08-04,330.05999755859375,SPY
2020-08-05,332.1099853515625,SPY
2020-08-06,334.3299865722656,SPY
2020-08-07,334.57000732421875,SPY
2020-08-08,334.57000732421875,SPY
2020-08-09,334.57000732421875,SPY
2020-08-10,335.57000732421875,SPY
2020-08-11,332.79998779296875,SPY
2020-08-12,337.44000244140625,SPY
2020-08-13,336.8299865722656,SPY
2020-08-14,336.8399963378906,SPY
2020-08-15,336.8399963378906,SPY
2020-08-16,336.8399963378906,SPY
2020-08-17,337.9100036621094,SPY
2020-08-18,338.6400146484375,SPY
2020-08-19,337.2300109863281,SPY
2020-08-20,338.2799987792969,SPY
2020-08-21,339.4800109863281,SPY
2020-08-22,339.4800109863281,SPY
2020-08-23,339.4800109863281,SPY
2020-08-24,342.9200134277344,SPY
2020-08-25,344.1199951171875,SPY
2020-08-26,347.57000732421875,SPY
2020-08-27,348.3299865722656,SPY
2020-08-28,350.5799865722656,SPY
2020-08-29,350.5799865722656,SPY
2020-08-30,350.5799865722656,SPY
2020-08-31,349.30999755859375,SPY
2020-09-01,352.6000061035156,SPY
2020-09-02,357.70001220703125,SPY
2020-09-03,345.3900146484375,SPY
2020-09-04,342.57000732421875,SPY
2020-09-05,342.57000732421875,SPY
2020-09-06,342.57000732421875,SPY
2020-09-07,342.57000732421875,SPY
2020-09-08,333.2099914550781,SPY
2020-09-09,339.7900085449219,SPY
2020-09-10,333.8900146484375,SPY
2020-09-11,334.05999755859375,SPY
2020-09-12,334.05999755859375,SPY
2020-09-13,334.05999755859375,SPY
2020-09-14,338.4599914550781,SPY
2020-09-15,340.1700134277344,SPY
2020-09-16,338.82000732421875,SPY
2020-09-17,335.8399963378906,SPY
2020-09-18,330.6499938964844,SPY
2020-09-19,330.6499938964844,SPY
2020-09-20,330.6499938964844,SPY
2020-09-21,326.9700012207031,SPY
2020-09-22,330.29998779296875,SPY
2020-09-23,322.6400146484375,SPY
2020-09-24,323.5,SPY
2020-09-25,328.7300109863281,SPY
2020-09-26,328.7300109863281,SPY
2020-09-27,328.7300109863281,SPY
2020-09-28,334.19000244140625,SPY
2020-09-29,332.3699951171875,SPY
2020-09-30,334.8900146484375,SPY
2020-10-01,337.0400085449219,SPY
2020-10-02,333.8399963378906,SPY
2020-10-03,333.8399963378906,SPY
2020-10-04,333.8399963378906,SPY
2020-10-05,339.760009765625,SPY
2020-10-06,334.92999267578125,SPY
2020-10-07,340.760009765625,SPY
2020-10-08,343.7799987792969,SPY
2020-10-09,346.8500061035156,SPY
2020-10-10,346.8500061035156,SPY
2020-10-11,346.8500061035156,SPY
2020-10-12,352.42999267578125,SPY
2020-10-13,350.1300048828125,SPY
2020-10-14,347.92999267578125,SPY
2020-10-15,347.5,SPY
2020-10-16,347.2900085449219,SPY
2020-10-17,347.2900085449219,SPY
2020-10-18,347.2900085449219,SPY
2020-10-19,342.010009765625,SPY
2020-10-20,343.3800048828125,SPY
2020-10-21,342.7300109863281,SPY
2020-10-22,344.6099853515625,SPY
2020-10-23,345.7799987792969,SPY
2020-10-24,345.7799987792969,SPY
2020-10-25,345.7799987792969,SPY
2020-10-26,339.3900146484375,SPY
2020-10-27,338.2200012207031,SPY
2020-10-28,326.6600036621094,SPY
2020-10-29,329.9800109863281,SPY
2020-10-30,326.5400085449219,SPY
2020-10-31,326.5400085449219,SPY
2020-11-01,326.5400085449219,SPY
2020-11-02,330.20001220703125,SPY
2020-11-03,336.0299987792969,SPY
2020-11-04,343.5400085449219,SPY
2020-11-05,350.239990234375,SPY
2020-11-06,350.1600036621094,SPY
2020-11-07,350.1600036621094,SPY
2020-11-08,350.1600036621094,SPY
2020-11-09,354.55999755859375,SPY
2020-11-10,354.0400085449219,SPY
2020-11-11,356.6700134277344,SPY
2020-11-12,353.2099914550781,SPY
2020-11-13,358.1000061035156,SPY
2020-11-14,358.1000061035156,SPY
2020-11-15,358.1000061035156,SPY
2020-11-16,362.57000732421875,SPY
2020-11-17,360.6199951171875,SPY
2020-11-18,356.2799987792969,SPY
2020-11-19,357.7799987792969,SPY
2020-11-20,355.3299865722656,SPY
2020-11-21,355.3299865722656,SPY
2020-11-22,355.3299865722656,SPY
2020-11-23,357.4599914550781,SPY
2020-11-24,363.2200012207031,SPY
2020-11-25,362.6600036621094,SPY
2020-11-26,362.6600036621094,SPY
2020-11-27,363.6700134277344,SPY
2020-11-28,363.6700134277344,SPY
2020-11-29,363.6700134277344,SPY
2020-11-30,362.05999755859375,SPY
2020-12-01,366.0199890136719,SPY
2020-12-02,366.7900085449219,SPY
2020-12-03,366.69000244140625,SPY
2020-12-04,369.8500061035156,SPY
2020-12-05,369.8500061035156,SPY
2020-12-06,369.8500061035156,SPY
2020-12-07,369.0899963378906,SPY
2020-12-08,370.1700134277344,SPY
2020-12-09,366.8500061035156,SPY
2020-12-10,366.7300109863281,SPY
2020-12-11,366.29998779296875,SPY
2020-12-12,366.29998779296875,SPY
2020-12-13,366.29998779296875,SPY
2020-12-14,364.6600036621094,SPY
2020-12-15,369.5899963378906,SPY
2020-12-16,370.1700134277344,SPY
2020-12-17,372.239990234375,SPY
2020-12-18,369.17999267578125,SPY
2020-12-19,369.17999267578125,SPY
2020-12-20,369.17999267578125,SPY
2020-12-21,367.8599853515625,SPY
2020-12-22,367.239990234375,SPY
2020-12-23,367.57000732421875,SPY
2020-12-24,369.0,SPY
2020-12-25,369.0,SPY
2020-12-26,369.0,SPY
2020-12-27,369.0,SPY
2020-12-28,372.1700134277344,SPY
2020-12-29,371.4599914550781,SPY
2020-12-30,371.989990234375,SPY
2020-12-31,373.8800048828125,SPY
2021-01-01,373.8800048828125,SPY
2021-01-02,373.8800048828125,SPY
2021-01-03,373.8800048828125,SPY
2021-01-04,368.7900085449219,SPY
2021-01-05,371.3299865722656,SPY
2021-01-06,373.54998779296875,SPY
2021-01-07,379.1000061035156,SPY
2021-01-08,381.260009765625,SPY
2021-01-09,381.260009765625,SPY
2021-01-10,381.260009765625,SPY
2021-01-11,378.69000244140625,SPY
2021-01-12,378.7699890136719,SPY
2021-01-13,379.7900085449219,SPY
2021-01-14,378.4599914550781,SPY
2021-01-15,375.70001220703125,SPY
2021-01-16,375.70001220703125,SPY
2021-01-17,375.70001220703125,SPY
2021-01-18,375.70001220703125,SPY
2021-01-19,378.6499938964844,SPY
2021-01-20,383.8900146484375,SPY
2021-01-21,384.239990234375,SPY
2021-01-22,382.8800048828125,SPY
2021-01-23,382.8800048828125,SPY
2021-01-24,382.8800048828125,SPY
2021-01-25,384.3900146484375,SPY
2021-01-26,383.7900085449219,SPY
2021-01-27,374.4100036621094,SPY
2021-01-28,377.6300048828125,SPY
2021-01-29,370.07000732421875,SPY
2021-01-30,370.07000732421875,SPY
2021-01-31,370.07000732421875,SPY
2021-02-01,376.2300109863281,SPY
2021-02-02,381.54998779296875,SPY
2021-02-03,381.8500061035156,SPY
2021-02-04,386.19000244140625,SPY
2021-02-05,387.7099914550781,SPY
2021-02-06,387.7099914550781,SPY
2021-02-07,387.7099914550781,SPY
2021-02-08,390.510009765625,SPY
2021-02-09,390.25,SPY
2021-02-10,390.0799865722656,SPY
2021-02-11,390.7099914550781,SPY
2021-02-12,392.6400146484375,SPY
2021-02-13,392.6400146484375,SPY
2021-02-14,392.6400146484375,SPY
2021-02-15,392.6400146484375,SPY
2021-02-16,392.29998779296875,SPY
2021-02-17,392.3900146484375,SPY
2021-02-18,390.7200012207031,SPY
2021-02-19,390.0299987792969,SPY
2021-02-20,390.0299987792969,SPY
2021-02-21,390.0299987792969,SPY
2021-02-22,387.0299987792969,SPY
2021-02-23,387.5,SPY
2021-02-24,391.7699890136719,SPY
2021-02-25,382.3299865722656,SPY
2021-02-26,380.3599853515625,SPY
2021-02-27,380.3599853515625,SPY
2021-02-28,380.3599853515625,SPY
2021-03-01,389.5799865722656,SPY
2021-03-02,386.5400085449219,SPY
2021-03-03,381.4200134277344,SPY
2021-03-04,376.70001220703125,SPY
2021-03-05,383.6300048828125,SPY
2021-03-06,383.6300048828125,SPY
2021-03-07,383.6300048828125,SPY
2021-03-08,381.7200012207031,SPY
2021-03-09,387.1700134277344,SPY
2021-03-10,389.5799865722656,SPY
2021-03-11,393.5299987792969,SPY
2021-03-12,394.05999755859375,SPY
2021-03-13,394.05999755859375,SPY
2021-03-14,394.05999755859375,SPY
2021-03-15,396.4100036621094,SPY
2021-03-16,395.9100036621094,SPY
2021-03-17,397.260009765625,SPY
