2018-01-02,267.8399963378906,268.80999755859375,267.3999938964844,86655700.0,SPY
2018-01-03,268.9599914550781,270.6400146484375,268.9599914550781,90070400.0,SPY
2018-01-04,271.20001220703125,272.1600036621094,270.5400085449219,80636400.0,SPY
2018-01-05,272.510009765625,273.55999755859375,271.95001220703125,83524000.0,SPY
2018-01-06,272.510009765625,273.55999755859375,271.95001220703125,0.0,SPY
2018-01-07,272.510009765625,273.55999755859375,271.95001220703125,0.0,SPY
2018-01-08,273.30999755859375,274.1000061035156,272.9800109863281,57319200.0,SPY
2018-01-09,274.3999938964844,275.25,274.0799865722656,57254000.0,SPY
2018-01-10,273.67999267578125,274.4200134277344,272.9200134277344,69574300.0,SPY
2018-01-11,274.75,276.1199951171875,274.55999755859375,62361500.0,SPY
2018-01-12,276.4200134277344,278.1099853515625,276.0799865722656,90816100.0,SPY
2018-01-13,276.4200134277344,278.1099853515625,276.0799865722656,0.0,SPY
2018-01-14,276.4200134277344,278.1099853515625,276.0799865722656,0.0,SPY
2018-01-15,276.4200134277344,278.1099853515625,276.0799865722656,0.0,SPY
2018-01-16,279.3500061035156,280.0899963378906,276.17999267578125,106555100.0,SPY
2018-01-17,278.0299987792969,280.04998779296875,276.9700012207031,113258800.0,SPY
2018-01-18,279.4800109863281,279.9599914550781,278.5799865722656,100728000.0,SPY
2018-01-19,279.79998779296875,280.4100036621094,279.1400146484375,140920100.0,SPY
2018-01-20,279.79998779296875,280.4100036621094,279.1400146484375,0.0,SPY
2018-01-21,279.79998779296875,280.4100036621094,279.1400146484375,0.0,SPY
2018-01-22,280.1700134277344,282.69000244140625,280.1099853515625,91322400.0,SPY
2018-01-23,282.739990234375,283.6199951171875,282.3699951171875,97084700.0,SPY
2018-01-24,284.0199890136719,284.70001220703125,281.8399963378906,134816100.0,SPY
2018-01-25,284.1600036621094,284.2699890136719,282.3999938964844,84587300.0,SPY
2018-01-26,284.25,286.6300048828125,283.9599914550781,107743100.0,SPY
2018-01-27,284.25,286.6300048828125,283.9599914550781,0.0,SPY
2018-01-28,284.25,286.6300048828125,283.9599914550781,0.0,SPY
2018-01-29,285.92999267578125,286.42999267578125,284.5,90118300.0,SPY
2018-01-30,282.6000061035156,284.739990234375,281.2200012207031,131796400.0,SPY
2018-01-31,282.7300109863281,283.29998779296875,280.67999267578125,108364800.0,SPY
2018-02-01,281.07000732421875,283.05999755859375,280.67999267578125,90102500.0,SPY
2018-02-02,280.0799865722656,280.2300109863281,275.4100036621094,173174800.0,SPY
2018-02-03,280.0799865722656,280.2300109863281,275.4100036621094,0.0,SPY
2018-02-04,280.0799865722656,280.2300109863281,275.4100036621094,0.0,SPY
2018-02-05,273.45001220703125,275.8500061035156,263.30999755859375,294681800.0,SPY
2018-02-06,259.94000244140625,269.70001220703125,258.70001220703125,355026800.0,SPY
2018-02-07,268.5,272.3599853515625,267.5799865722656,167376100.0,SPY
2018-02-08,268.010009765625,268.1700134277344,257.5899963378906,246449500.0,SPY
2018-02-09,260.79998779296875,263.6099853515625,252.9199981689453,283565300.0,SPY
2018-02-10,260.79998779296875,263.6099853515625,252.9199981689453,0.0,SPY
2018-02-11,260.79998779296875,263.6099853515625,252.9199981689453,0.0,SPY
2018-02-12,263.8299865722656,267.010009765625,261.6600036621094,143736000.0,SPY
2018-02-13,263.9700012207031,266.6199951171875,263.30999755859375,81223600.0,SPY
2018-02-14,264.30999755859375,270.0,264.29998779296875,120735700.0,SPY
2018-02-15,271.57000732421875,273.0400085449219,268.7699890136719,111200300.0,SPY
2018-02-16,272.32000732421875,275.32000732421875,272.2699890136719,160420100.0,SPY
2018-02-17,272.32000732421875,275.32000732421875,272.2699890136719,0.0,SPY
2018-02-18,272.32000732421875,275.32000732421875,272.2699890136719,0.0,SPY
2018-02-19,272.32000732421875,275.32000732421875,272.2699890136719,0.0,SPY
2018-02-20,272.0299987792969,273.6700134277344,270.5,86369700.0,SPY
2018-02-21,271.8999938964844,274.7200012207031,269.94000244140625,98883700.0,SPY
2018-02-22,271.1000061035156,273.04998779296875,269.6400146484375,110511300.0,SPY
2018-02-23,271.7900085449219,274.7099914550781,271.25,92766400.0,SPY
2018-02-24,271.7900085449219,274.7099914550781,271.25,0.0,SPY
2018-02-25,271.7900085449219,274.7099914550781,271.25,0.0,SPY
2018-02-26,275.92999267578125,278.010009765625,275.260009765625,86491400.0,SPY
2018-02-27,278.1099853515625,278.9200134277344,274.3599853515625,99099200.0,SPY
2018-02-28,275.67999267578125,276.19000244140625,271.2900085449219,121907800.0,SPY
2018-03-01,271.4100036621094,273.1700134277344,266.0,176855100.0,SPY
2018-03-02,265.79998779296875,269.7200012207031,264.82000732421875,139083200.0,SPY
2018-03-03,265.79998779296875,269.7200012207031,264.82000732421875,0.0,SPY
2018-03-04,265.79998779296875,269.7200012207031,264.82000732421875,0.0,SPY
2018-03-05,267.7300109863281,272.8900146484375,267.6099853515625,97307400.0,SPY
2018-03-06,273.29998779296875,273.3900146484375,271.17999267578125,79213200.0,SPY
2018-03-07,270.4200134277344,273.17999267578125,270.20001220703125,87063500.0,SPY
2018-03-08,273.54998779296875,274.239990234375,272.4200134277344,66901200.0,SPY
2018-03-09,275.70001220703125,278.8699951171875,275.3399963378906,113625300.0,SPY
2018-03-10,275.70001220703125,278.8699951171875,275.3399963378906,0.0,SPY
2018-03-11,275.70001220703125,278.8699951171875,275.3399963378906,0.0,SPY
2018-03-12,279.20001220703125,279.9100036621094,278.0799865722656,71924800.0,SPY
2018-03-13,279.8399963378906,280.4100036621094,276.0299987792969,91968900.0,SPY
2018-03-14,277.80999755859375,278.0199890136719,274.6700134277344,105895100.0,SPY
2018-03-15,275.8800048828125,276.6099853515625,274.42999267578125,83433000.0,SPY
2018-03-16,274.5,275.3900146484375,274.1400146484375,100343700.0,SPY
2018-03-17,274.5,275.3900146484375,274.1400146484375,0.0,SPY
2018-03-18,274.5,275.3900146484375,274.1400146484375,0.0,SPY
2018-03-19,273.3500061035156,274.3999938964844,268.6199951171875,109208400.0,SPY
2018-03-20,270.94000244140625,271.6700134277344,270.17999267578125,59757300.0,SPY
2018-03-21,270.8999938964844,273.2699890136719,270.19000244140625,78709600.0,SPY
2018-03-22,267.9100036621094,268.8699951171875,263.3599853515625,148785900.0,SPY
2018-03-23,264.1700134277344,264.5400085449219,257.8299865722656,183534800.0,SPY
2018-03-24,264.1700134277344,264.5400085449219,257.8299865722656,0.0,SPY
2018-03-25,264.1700134277344,264.5400085449219,257.8299865722656,0.0,SPY
2018-03-26,262.1300048828125,265.42999267578125,259.4100036621094,141956100.0,SPY
2018-03-27,266.1700134277344,266.7699890136719,258.8399963378906,129941400.0,SPY
2018-03-28,260.75,262.6400146484375,258.5799865722656,146452300.0,SPY
2018-03-29,261.1199951171875,265.260009765625,259.8399963378906,111601600.0,SPY
2018-03-30,261.1199951171875,265.260009765625,259.8399963378906,0.0,SPY
2018-03-31,261.1199951171875,265.260009765625,259.8399963378906,0.0,SPY
2018-04-01,261.1199951171875,265.260009765625,259.8399963378906,0.0,SPY
2018-04-02,262.54998779296875,263.1300048828125,254.6699981689453,186286300.0,SPY
2018-04-03,258.8699951171875,261.30999755859375,256.8399963378906,119956900.0,SPY
2018-04-04,256.75,264.3599853515625,256.6000061035156,123715300.0,SPY
2018-04-05,265.54998779296875,266.6400146484375,264.32000732421875,82652600.0,SPY
2018-04-06,263.4200134277344,265.1099853515625,258.0,179521200.0,SPY
2018-04-07,263.4200134277344,265.1099853515625,258.0,0.0,SPY
2018-04-08,263.4200134277344,265.1099853515625,258.0,0.0,SPY
2018-04-09,261.3699951171875,264.8399963378906,259.94000244140625,105442900.0,SPY
2018-04-10,264.2699890136719,266.0400085449219,262.9800109863281,103529000.0,SPY
2018-04-11,263.4700012207031,265.6400146484375,263.3900146484375,91140200.0,SPY
2018-04-12,265.260009765625,267.0,265.05999755859375,68890500.0,SPY
2018-04-13,267.4100036621094,267.5400085449219,264.010009765625,85079200.0,SPY
2018-04-14,267.4100036621094,267.5400085449219,264.010009765625,0.0,SPY
2018-04-15,267.4100036621094,267.5400085449219,264.010009765625,0.0,SPY
2018-04-16,267.0,268.20001220703125,266.07000732421875,63405300.0,SPY
2018-04-17,269.3299865722656,270.8699951171875,268.75,64682000.0,SPY
2018-04-18,270.69000244140625,271.29998779296875,269.8699951171875,57303900.0,SPY
2018-04-19,269.6499938964844,269.8800048828125,267.7200012207031,77655900.0,SPY
2018-04-20,268.80999755859375,269.05999755859375,265.6099853515625,99953100.0,SPY
2018-04-21,268.80999755859375,269.05999755859375,265.6099853515625,0.0,SPY
2018-04-22,268.80999755859375,269.05999755859375,265.6099853515625,0.0,SPY
2018-04-23,267.260009765625,267.8900146484375,265.3500061035156,65558000.0,SPY
2018-04-24,267.7300109863281,267.9800109863281,261.2799987792969,112885500.0,SPY
2018-04-25,262.9100036621094,264.1300048828125,260.8500061035156,103840900.0,SPY
2018-04-26,264.7900085449219,267.25,264.2900085449219,67731900.0,SPY
2018-04-27,267.0,267.3399963378906,265.5,57053600.0,SPY
2018-04-28,267.0,267.3399963378906,265.5,0.0,SPY
2018-04-29,267.0,267.3399963378906,265.5,0.0,SPY
2018-04-30,267.260009765625,267.8900146484375,264.42999267578125,82182300.0,SPY
2018-05-01,263.8699951171875,265.1000061035156,262.1099853515625,74203400.0,SPY
2018-05-02,264.760009765625,265.67999267578125,262.760009765625,86368900.0,SPY
2018-05-03,262.260009765625,263.3599853515625,259.04998779296875,136311500.0,SPY
2018-05-04,261.5199890136719,266.7900085449219,261.1499938964844,91222100.0,SPY
2018-05-05,261.5199890136719,266.7900085449219,261.1499938964844,0.0,SPY
2018-05-06,261.5199890136719,266.7900085449219,261.1499938964844,0.0,SPY
2018-05-07,266.8900146484375,268.0199890136719,266.1099853515625,55304900.0,SPY
2018-05-08,266.5,267.3299865722656,265.1499938964844,67499200.0,SPY
2018-05-09,267.67999267578125,269.8699951171875,267.0899963378906,59666100.0,SPY
2018-05-10,270.3399963378906,272.3900146484375,270.2200012207031,72063900.0,SPY
2018-05-11,272.1600036621094,273.1499938964844,271.5799865722656,59871500.0,SPY
2018-05-12,272.1600036621094,273.1499938964844,271.5799865722656,0.0,SPY
2018-05-13,272.1600036621094,273.1499938964844,271.5799865722656,0.0,SPY
2018-05-14,273.3399963378906,274.0799865722656,272.3599853515625,54790600.0,SPY
2018-05-15,271.5899963378906,271.6099853515625,270.0299987792969,87036100.0,SPY
2018-05-16,271.1400146484375,272.760009765625,271.1099853515625,53942600.0,SPY
2018-05-17,271.94000244140625,273.2300109863281,271.1300048828125,56536400.0,SPY
2018-05-18,271.6199951171875,272.0299987792969,270.92999267578125,64368000.0,SPY
2018-05-19,271.6199951171875,272.0299987792969,270.92999267578125,0.0,SPY
2018-05-20,271.6199951171875,272.0299987792969,270.92999267578125,0.0,SPY
2018-05-21,273.010009765625,273.9800109863281,272.57000732421875,58025900.0,SPY
2018-05-22,273.9599914550781,274.25,272.239990234375,52966400.0,SPY
2018-05-23,271.1700134277344,273.3900146484375,270.989990234375,64694200.0,SPY
2018-05-24,272.9100036621094,273.2200012207031,270.7799987792969,76043800.0,SPY
2018-05-25,272.1499938964844,272.8599853515625,271.5799865722656,56374800.0,SPY
2018-05-26,272.1499938964844,272.8599853515625,271.5799865722656,0.0,SPY
2018-05-27,272.1499938964844,272.8599853515625,271.5799865722656,0.0,SPY
2018-05-28,272.1499938964844,272.8599853515625,271.5799865722656,0.0,SPY
2018-05-29,270.30999755859375,271.1700134277344,267.760009765625,115908600.0,SPY
2018-05-30,270.5,273.1099853515625,270.4200134277344,69678400.0,SPY
2018-05-31,272.1499938964844,272.489990234375,270.260009765625,93519900.0,SPY
2018-06-01,272.4100036621094,273.94000244140625,272.3299865722656,71258400.0,SPY
2018-06-02,272.4100036621094,273.94000244140625,272.3299865722656,0.0,SPY
2018-06-03,272.4100036621094,273.94000244140625,272.3299865722656,0.0,SPY
2018-06-04,274.5299987792969,275.19000244140625,274.260009765625,45385200.0,SPY
2018-06-05,275.04998779296875,275.5299987792969,274.17999267578125,51135000.0,SPY
2018-06-06,275.7900085449219,277.5199890136719,275.0899963378906,62732200.0,SPY
2018-06-07,277.95001220703125,278.2799987792969,276.3399963378906,72969400.0,SPY
2018-06-08,276.8500061035156,278.25,276.6600036621094,72139700.0,SPY
2018-06-09,276.8500061035156,278.25,276.6600036621094,0.0,SPY
2018-06-10,276.8500061035156,278.25,276.6600036621094,0.0,SPY
2018-06-11,278.44000244140625,279.3699951171875,278.30999755859375,58892500.0,SPY
2018-06-12,279.0299987792969,279.3299865722656,278.19000244140625,72329000.0,SPY
2018-06-13,279.19000244140625,279.4800109863281,277.79998779296875,79070600.0,SPY
2018-06-14,279.010009765625,279.3299865722656,278.05999755859375,77097600.0,SPY
2018-06-15,276.6000061035156,277.510009765625,275.3500061035156,120041600.0,SPY
2018-06-16,276.6000061035156,277.510009765625,275.3500061035156,0.0,SPY
2018-06-17,276.6000061035156,277.510009765625,275.3500061035156,0.0,SPY
2018-06-18,275.489990234375,276.70001220703125,274.95001220703125,52917600.0,SPY
2018-06-19,274.0,275.75,273.5299987792969,97531500.0,SPY
2018-06-20,276.2699890136719,276.7200012207031,275.5899963378906,53785500.0,SPY
2018-06-21,275.9599914550781,275.9800109863281,273.67999267578125,71061400.0,SPY
2018-06-22,275.6600036621094,275.7900085449219,274.489990234375,54898500.0,SPY
2018-06-23,275.6600036621094,275.7900085449219,274.489990234375,0.0,SPY
2018-06-24,275.6600036621094,275.7900085449219,274.489990234375,0.0,SPY
2018-06-25,273.44000244140625,273.6199951171875,269.1000061035156,137854200.0,SPY
2018-06-26,271.6400146484375,272.55999755859375,270.7900085449219,68547400.0,SPY
2018-06-27,272.260009765625,273.8699951171875,269.17999267578125,105110700.0,SPY
2018-06-28,269.2900085449219,271.75,268.489990234375,76650500.0,SPY
2018-06-29,272.1199951171875,273.6600036621094,271.1499938964844,97592500.0,SPY
2018-06-30,272.1199951171875,273.6600036621094,271.1499938964844,0.0,SPY
2018-07-01,272.1199951171875,273.6600036621094,271.1499938964844,0.0,SPY
2018-07-02,269.510009765625,272.0400085449219,269.239990234375,63554800.0,SPY
2018-07-03,272.8699951171875,272.9800109863281,270.4200134277344,42187100.0,SPY
2018-07-04,272.8699951171875,272.9800109863281,270.4200134277344,0.0,SPY
2018-07-05,272.1700134277344,273.17999267578125,270.9599914550781,56925900.0,SPY
2018-07-06,273.1400146484375,275.8399963378906,272.7099914550781,66493700.0,SPY
2018-07-07,273.1400146484375,275.8399963378906,272.7099914550781,0.0,SPY
2018-07-08,273.1400146484375,275.8399963378906,272.7099914550781,0.0,SPY
2018-07-09,276.54998779296875,277.9599914550781,276.5,50550400.0,SPY
2018-07-10,278.4100036621094,279.010009765625,278.0799865722656,51966800.0,SPY
2018-07-11,277.1499938964844,278.0400085449219,276.5199890136719,77054700.0,SPY
2018-07-12,278.2799987792969,279.42999267578125,277.6000061035156,60124700.0,SPY
2018-07-13,279.1700134277344,279.92999267578125,278.6600036621094,48216000.0,SPY
2018-07-14,279.1700134277344,279.92999267578125,278.6600036621094,0.0,SPY
2018-07-15,279.1700134277344,279.92999267578125,278.6600036621094,0.0,SPY
2018-07-16,279.6400146484375,279.79998779296875,278.8399963378906,48201000.0,SPY
2018-07-17,278.4700012207031,280.9100036621094,278.4100036621094,52315500.0,SPY
2018-07-18,280.55999755859375,281.17999267578125,280.05999755859375,44593500.0,SPY
2018-07-19,280.30999755859375,280.739990234375,279.4599914550781,61412100.0,SPY
2018-07-20,279.7699890136719,280.4800109863281,279.5,82337700.0,SPY
2018-07-21,279.7699890136719,280.4800109863281,279.5,0.0,SPY
2018-07-22,279.7699890136719,280.4800109863281,279.5,0.0,SPY
2018-07-23,279.45001220703125,280.42999267578125,279.05999755859375,47047600.0,SPY
2018-07-24,281.7900085449219,282.55999755859375,280.6300048828125,68026900.0,SPY
2018-07-25,281.3299865722656,284.3699951171875,281.2799987792969,78882900.0,SPY
2018-07-26,283.20001220703125,284.1099853515625,283.0899963378906,57919500.0,SPY
2018-07-27,283.7099914550781,283.82000732421875,280.3800048828125,76768700.0,SPY
2018-07-28,283.7099914550781,283.82000732421875,280.3800048828125,0.0,SPY
2018-07-29,283.7099914550781,283.82000732421875,280.3800048828125,0.0,SPY
2018-07-30,281.510009765625,281.69000244140625,279.3599853515625,63742500.0,SPY
2018-07-31,280.80999755859375,282.0199890136719,280.3800048828125,68570500.0,SPY
2018-08-01,281.55999755859375,282.1300048828125,280.1300048828125,53853300.0,SPY
2018-08-02,279.3900146484375,282.5799865722656,279.1600036621094,63426400.0,SPY
2018-08-03,282.5299987792969,283.6600036621094,282.3299865722656,53935400.0,SPY
2018-08-04,282.5299987792969,283.6600036621094,282.3299865722656,0.0,SPY
2018-08-05,282.5299987792969,283.6600036621094,282.3299865722656,0.0,SPY
2018-08-06,283.6400146484375,284.989990234375,283.20001220703125,39400900.0,SPY
2018-08-07,285.3900146484375,286.010009765625,285.239990234375,43196600.0,SPY
2018-08-08,285.3900146484375,285.9100036621094,284.94000244140625,42114600.0,SPY
2018-08-09,285.5299987792969,285.9700012207031,284.9200134277344,35717000.0,SPY
2018-08-10,283.45001220703125,284.05999755859375,282.3599853515625,77076000.0,SPY
2018-08-11,283.45001220703125,284.05999755859375,282.3599853515625,0.0,SPY
2018-08-12,283.45001220703125,284.05999755859375,282.3599853515625,0.0,SPY
2018-08-13,283.4700012207031,284.1600036621094,281.7699890136719,65732900.0,SPY
2018-08-14,282.9200134277344,284.1700134277344,282.4800109863281,43842000.0,SPY
2018-08-15,282.3800048828125,282.5400085449219,280.1600036621094,102925400.0,SPY
2018-08-16,283.3999938964844,285.0400085449219,283.3599853515625,69967900.0,SPY
2018-08-17,283.8299865722656,285.55999755859375,283.3699951171875,65618500.0,SPY
2018-08-18,283.8299865722656,285.55999755859375,283.3699951171875,0.0,SPY
2018-08-19,283.8299865722656,285.55999755859375,283.3699951171875,0.0,SPY
2018-08-20,285.57000732421875,285.9700012207031,285.05999755859375,39807500.0,SPY
2018-08-21,286.25,287.30999755859375,285.7099914550781,67272000.0,SPY
2018-08-22,285.8800048828125,286.760009765625,285.5799865722656,44993300.0,SPY
2018-08-23,285.9700012207031,286.94000244140625,285.42999267578125,49204900.0,SPY
2018-08-24,286.44000244140625,287.6700134277344,286.3800048828125,57487400.0,SPY
2018-08-25,286.44000244140625,287.6700134277344,286.3800048828125,0.0,SPY
2018-08-26,286.44000244140625,287.6700134277344,286.3800048828125,0.0,SPY
2018-08-27,288.8599853515625,289.8999938964844,288.67999267578125,57072400.0,SPY
2018-08-28,290.29998779296875,290.4200134277344,289.3999938964844,46943500.0,SPY
2018-08-29,290.1600036621094,291.739990234375,289.8900146484375,61485500.0,SPY
2018-08-30,290.94000244140625,291.3599853515625,289.6300048828125,61229500.0,SPY
2018-08-31,289.8399963378906,290.80999755859375,289.2900085449219,66140800.0,SPY
2018-09-01,289.8399963378906,290.80999755859375,289.2900085449219,0.0,SPY
2018-09-02,289.8399963378906,290.80999755859375,289.2900085449219,0.0,SPY
2018-09-03,289.8399963378906,290.80999755859375,289.2900085449219,0.0,SPY
2018-09-04,289.8399963378906,290.2099914550781,288.67999267578125,57594400.0,SPY
2018-09-05,289.4100036621094,289.6400146484375,287.8900146484375,72452400.0,SPY
2018-09-06,289.1499938964844,289.489990234375,287.0,65909900.0,SPY
2018-09-07,286.9800109863281,288.70001220703125,286.7099914550781,73524800.0,SPY
2018-09-08,286.9800109863281,288.70001220703125,286.7099914550781,0.0,SPY
2018-09-09,286.9800109863281,288.70001220703125,286.7099914550781,0.0,SPY
2018-09-10,288.739990234375,289.0400085449219,287.8800048828125,50210900.0,SPY
2018-09-11,287.3699951171875,289.54998779296875,286.9800109863281,50530500.0,SPY
2018-09-12,289.05999755859375,289.79998779296875,288.2300109863281,59810800.0,SPY
2018-09-13,290.32000732421875,291.0400085449219,290.0,51034200.0,SPY
2018-09-14,291.05999755859375,291.2699890136719,290.0,55079900.0,SPY
2018-09-15,291.05999755859375,291.2699890136719,290.0,0.0,SPY
2018-09-16,291.05999755859375,291.2699890136719,290.0,0.0,SPY
2018-09-17,290.82000732421875,290.8599853515625,289.0299987792969,68244000.0,SPY
2018-09-18,289.5799865722656,291.5799865722656,289.54998779296875,61930400.0,SPY
2018-09-19,290.9700012207031,291.69000244140625,290.8299865722656,49080600.0,SPY
2018-09-20,292.6400146484375,293.94000244140625,291.239990234375,100360600.0,SPY
2018-09-21,293.0899963378906,293.2200012207031,291.80999755859375,105479700.0,SPY
2018-09-22,293.0899963378906,293.2200012207031,291.80999755859375,0.0,SPY
2018-09-23,293.0899963378906,293.2200012207031,291.80999755859375,0.0,SPY
2018-09-24,291.3399963378906,291.5,290.3699951171875,53409600.0,SPY
2018-09-25,291.5299987792969,291.6499938964844,290.4800109863281,44370000.0,SPY
2018-09-26,290.9100036621094,292.239990234375,289.4100036621094,79739700.0,SPY
2018-09-27,290.4100036621094,291.9100036621094,290.1000061035156,59249500.0,SPY
2018-09-28,289.989990234375,291.2799987792969,289.95001220703125,70091400.0,SPY
2018-09-29,289.989990234375,291.2799987792969,289.95001220703125,0.0,SPY
2018-09-30,289.989990234375,291.2799987792969,289.95001220703125,0.0,SPY
2018-10-01,292.1099853515625,292.92999267578125,290.9800109863281,62078900.0,SPY
2018-10-02,291.55999755859375,292.3599853515625,291.1400146484375,47258200.0,SPY
2018-10-03,292.739990234375,293.2099914550781,291.32000732421875,64694600.0,SPY
2018-10-04,291.17999267578125,291.239990234375,287.6600036621094,111545900.0,SPY
2018-10-05,289.69000244140625,290.2699890136719,286.2200012207031,105951700.0,SPY
2018-10-06,289.69000244140625,290.2699890136719,286.2200012207031,0.0,SPY
2018-10-07,289.69000244140625,290.2699890136719,286.2200012207031,0.0,SPY
2018-10-08,287.04998779296875,288.2200012207031,285.5,87742200.0,SPY
2018-10-09,287.3900146484375,288.8599853515625,286.7699890136719,74339000.0,SPY
2018-10-10,286.8299865722656,286.9100036621094,277.8800048828125,214731000.0,SPY
2018-10-11,277.0799865722656,278.8999938964844,270.3599853515625,274840500.0,SPY
2018-10-12,276.7699890136719,277.0899963378906,272.3699951171875,183186500.0,SPY
2018-10-13,276.7699890136719,277.0899963378906,272.3699951171875,0.0,SPY
2018-10-14,276.7699890136719,277.0899963378906,272.3699951171875,0.0,SPY
2018-10-15,275.54998779296875,277.0400085449219,274.29998779296875,102263700.0,SPY
2018-10-16,276.6000061035156,280.82000732421875,276.07000732421875,118255800.0,SPY
2018-10-17,280.44000244140625,281.1499938964844,277.55999755859375,110626000.0,SPY
2018-10-18,279.3999938964844,280.07000732421875,274.9700012207031,134557500.0,SPY
2018-10-19,277.1300048828125,279.29998779296875,275.4700012207031,139901600.0,SPY
2018-10-20,277.1300048828125,279.29998779296875,275.4700012207031,0.0,SPY
2018-10-21,277.1300048828125,279.29998779296875,275.4700012207031,0.0,SPY
2018-10-22,277.0,277.3599853515625,274.4100036621094,82415800.0,SPY
2018-10-23,270.95001220703125,274.8699951171875,268.6099853515625,146352700.0,SPY
2018-10-24,273.3299865722656,273.760009765625,264.70001220703125,177806700.0,SPY
2018-10-25,267.3800048828125,271.80999755859375,266.2300109863281,138061500.0,SPY
2018-10-26,265.9200134277344,271.0,262.2900085449219,201574600.0,SPY
2018-10-27,265.9200134277344,271.0,262.2900085449219,0.0,SPY
2018-10-28,265.9200134277344,271.0,262.2900085449219,0.0,SPY
2018-10-29,268.79998779296875,270.25,259.8500061035156,160749100.0,SPY
2018-10-30,263.6700134277344,268.1199951171875,263.1199951171875,157116000.0,SPY
2018-10-31,270.6499938964844,273.2300109863281,270.1199951171875,128296300.0,SPY
2018-11-01,271.6000061035156,273.7300109863281,270.3800048828125,99495000.0,SPY
2018-11-02,274.75,275.2300109863281,269.5899963378906,122634100.0,SPY
2018-11-03,274.75,275.2300109863281,269.5899963378906,0.0,SPY
2018-11-04,274.75,275.2300109863281,269.5899963378906,0.0,SPY
2018-11-05,272.44000244140625,274.010009765625,271.3500061035156,65622500.0,SPY
2018-11-06,273.32000732421875,275.29998779296875,273.25,60085900.0,SPY
2018-11-07,277.55999755859375,281.1000061035156,277.0799865722656,102752100.0,SPY
2018-11-08,280.1099853515625,281.2200012207031,279.2200012207031,65584900.0,SPY
2018-11-09,279.0299987792969,279.239990234375,276.17999267578125,98812600.0,SPY
2018-11-10,279.0299987792969,279.239990234375,276.17999267578125,0.0,SPY
2018-11-11,279.0299987792969,279.239990234375,276.17999267578125,0.0,SPY
2018-11-12,277.19000244140625,277.4599914550781,271.989990234375,99673600.0,SPY
2018-11-13,273.0899963378906,275.3299865722656,271.25,98176600.0,SPY
2018-11-14,274.1600036621094,274.6099853515625,268.45001220703125,125335900.0,SPY
2018-11-15,268.7799987792969,273.5400085449219,267.010009765625,135101400.0,SPY
2018-11-16,271.7900085449219,274.75,271.2099914550781,126668000.0,SPY
2018-11-17,271.7900085449219,274.75,271.2099914550781,0.0,SPY
2018-11-18,271.7900085449219,274.75,271.2099914550781,0.0,SPY
2018-11-19,273.04998779296875,273.3800048828125,268.07000732421875,103061700.0,SPY
2018-11-20,265.3599853515625,267.0,263.1499938964844,136021300.0,SPY
2018-11-21,265.8599853515625,267.1499938964844,265.010009765625,75563700.0,SPY
2018-11-22,265.8599853515625,267.1499938964844,265.010009765625,0.0,SPY
2018-11-23,263.17999267578125,264.82000732421875,263.07000732421875,42807900.0,SPY
2018-11-24,263.17999267578125,264.82000732421875,263.07000732421875,0.0,SPY
2018-11-25,263.17999267578125,264.82000732421875,263.07000732421875,0.0,SPY
2018-11-26,265.7799987792969,267.75,265.3399963378906,79981400.0,SPY
2018-11-27,266.3399963378906,268.3999938964844,265.6600036621094,75502400.0,SPY
2018-11-28,269.6000061035156,274.5799865722656,268.3299865722656,127629600.0,SPY
2018-11-29,273.7099914550781,275.54998779296875,272.42999267578125,82346400.0,SPY
2018-11-30,273.80999755859375,276.2799987792969,273.45001220703125,98204200.0,SPY
2018-12-01,273.80999755859375,276.2799987792969,273.45001220703125,0.0,SPY
2018-12-02,273.80999755859375,276.2799987792969,273.45001220703125,0.0,SPY
2018-12-03,280.2799987792969,280.3999938964844,277.510009765625,103176300.0,SPY
2018-12-04,278.3699951171875,278.8500061035156,269.8999938964844,177986000.0,SPY
2018-12-05,278.3699951171875,278.8500061035156,269.8999938964844,0.0,SPY
2018-12-06,265.9200134277344,269.9700012207031,262.44000244140625,204185400.0,SPY
2018-12-07,269.4599914550781,271.2200012207031,262.6300048828125,161018900.0,SPY
2018-12-08,269.4599914550781,271.2200012207031,262.6300048828125,0.0,SPY
2018-12-09,269.4599914550781,271.2200012207031,262.6300048828125,0.0,SPY
2018-12-10,263.3699951171875,265.1600036621094,258.6199951171875,151445900.0,SPY
2018-12-11,267.6600036621094,267.8699951171875,262.4800109863281,121504400.0,SPY
2018-12-12,267.4700012207031,269.0,265.3699951171875,97976700.0,SPY
2018-12-13,266.5199890136719,267.489990234375,264.1199951171875,96662700.0,SPY
2018-12-14,262.9599914550781,264.0299987792969,259.8500061035156,116961100.0,SPY
2018-12-15,262.9599914550781,264.0299987792969,259.8500061035156,0.0,SPY
2018-12-16,262.9599914550781,264.0299987792969,259.8500061035156,0.0,SPY
2018-12-17,259.3999938964844,260.6499938964844,253.52999877929688,165492300.0,SPY
2018-12-18,257.20001220703125,257.95001220703125,253.27999877929688,134515100.0,SPY
2018-12-19,255.1699981689453,259.3999938964844,249.35000610351562,214992800.0,SPY
2018-12-20,249.86000061035156,251.6199951171875,244.64999389648438,252053400.0,SPY
2018-12-21,246.74000549316406,249.7100067138672,239.97999572753906,255345600.0,SPY
2018-12-22,246.74000549316406,249.7100067138672,239.97999572753906,0.0,SPY
2018-12-23,246.74000549316406,249.7100067138672,239.97999572753906,0.0,SPY
2018-12-24,239.0399932861328,240.83999633789062,234.27000427246094,147311600.0,SPY
2018-12-25,239.0399932861328,240.83999633789062,234.27000427246094,0.0,SPY
2018-12-26,235.97000122070312,246.17999267578125,233.75999450683594,218485400.0,SPY
2018-12-27,242.57000732421875,248.2899932861328,238.9600067138672,186267300.0,SPY
2018-12-28,249.5800018310547,251.39999389648438,246.4499969482422,153100200.0,SPY
2018-12-29,249.5800018310547,251.39999389648438,246.4499969482422,0.0,SPY
2018-12-30,249.5800018310547,251.39999389648438,246.4499969482422,0.0,SPY
2018-12-31,249.55999755859375,250.19000244140625,247.47000122070312,144299400.0,SPY
2019-01-01,249.55999755859375,250.19000244140625,247.47000122070312,0.0,SPY
2019-01-02,245.97999572753906,251.2100067138672,245.9499969482422,126925200.0,SPY
2019-01-03,248.22999572753906,248.57000732421875,243.6699981689453,144140700.0,SPY
2019-01-04,247.58999633789062,253.11000061035156,247.1699981689453,142628800.0,SPY
2019-01-05,247.58999633789062,253.11000061035156,247.1699981689453,0.0,SPY
2019-01-06,247.58999633789062,253.11000061035156,247.1699981689453,0.0,SPY
2019-01-07,252.69000244140625,255.9499969482422,251.69000244140625,103139100.0,SPY
2019-01-08,256.82000732421875,257.30999755859375,254.0,102512600.0,SPY
2019-01-09,257.55999755859375,258.9100036621094,256.19000244140625,95006600.0,SPY
2019-01-10,256.260009765625,259.1600036621094,255.5,96823900.0,SPY
2019-01-11,257.67999267578125,259.010009765625,257.0299987792969,73858100.0,SPY
2019-01-12,257.67999267578125,259.010009765625,257.0299987792969,0.0,SPY
2019-01-13,257.67999267578125,259.010009765625,257.0299987792969,0.0,SPY
2019-01-14,256.8599853515625,258.29998779296875,256.4100036621094,70908200.0,SPY
2019-01-15,257.82000732421875,260.70001220703125,257.80999755859375,85208300.0,SPY
2019-01-16,260.8299865722656,261.9700012207031,260.6000061035156,77636700.0,SPY
2019-01-17,260.010009765625,263.9200134277344,259.9599914550781,96118400.0,SPY
2019-01-18,264.9800109863281,266.9800109863281,263.0,127900300.0,SPY
2019-01-19,264.9800109863281,266.9800109863281,263.0,0.0,SPY
2019-01-20,264.9800109863281,266.9800109863281,263.0,0.0,SPY
2019-01-21,264.9800109863281,266.9800109863281,263.0,0.0,SPY
2019-01-22,264.82000732421875,265.05999755859375,261.05999755859375,115531200.0,SPY
2019-01-23,264.010009765625,264.7900085449219,260.6600036621094,86030300.0,SPY
2019-01-24,263.2099914550781,264.20001220703125,262.0799865722656,59204100.0,SPY
2019-01-25,265.6099853515625,266.70001220703125,263.6600036621094,96883400.0,SPY
2019-01-26,265.6099853515625,266.70001220703125,263.6600036621094,0.0,SPY
2019-01-27,265.6099853515625,266.70001220703125,263.6600036621094,0.0,SPY
2019-01-28,263.3900146484375,263.8299865722656,261.7900085449219,85613700.0,SPY
2019-01-29,263.9200134277344,264.54998779296875,262.4800109863281,66136300.0,SPY
2019-01-30,265.1000061035156,268.5199890136719,264.25,92473700.0,SPY
2019-01-31,267.510009765625,270.4700012207031,267.2699890136719,104012100.0,SPY
2019-02-01,270.1499938964844,271.20001220703125,269.17999267578125,85782500.0,SPY
2019-02-02,270.1499938964844,271.20001220703125,269.17999267578125,0.0,SPY
2019-02-03,270.1499938964844,271.20001220703125,269.17999267578125,0.0,SPY
2019-02-04,270.1099853515625,272.0299987792969,269.3599853515625,60744800.0,SPY
2019-02-05,272.44000244140625,273.44000244140625,271.8800048828125,79552800.0,SPY
2019-02-06,272.7900085449219,273.3399963378906,271.9200134277344,58347800.0,SPY
2019-02-07,270.94000244140625,271.54998779296875,268.2900085449219,95482000.0,SPY
2019-02-08,268.75,270.5799865722656,267.8299865722656,75788900.0,SPY
2019-02-09,268.75,270.5799865722656,267.8299865722656,0.0,SPY
2019-02-10,268.75,270.5799865722656,267.8299865722656,0.0,SPY
2019-02-11,271.20001220703125,271.489990234375,270.0299987792969,68021400.0,SPY
2019-02-12,272.4200134277344,274.5199890136719,272.3399963378906,72270200.0,SPY
2019-02-13,275.0299987792969,275.92999267578125,274.55999755859375,65277200.0,SPY
2019-02-14,273.7799987792969,275.6400146484375,272.8699951171875,83234400.0,SPY
2019-02-15,276.3599853515625,277.4100036621094,276.1300048828125,97088700.0,SPY
2019-02-16,276.3599853515625,277.4100036621094,276.1300048828125,0.0,SPY
2019-02-17,276.3599853515625,277.4100036621094,276.1300048828125,0.0,SPY
2019-02-18,276.3599853515625,277.4100036621094,276.1300048828125,0.0,SPY
2019-02-19,276.4800109863281,278.5799865722656,276.4700012207031,59120800.0,SPY
2019-02-20,277.80999755859375,278.9200134277344,277.25,76610800.0,SPY
2019-02-21,277.70001220703125,278.1000061035156,276.3500061035156,64214700.0,SPY
2019-02-22,278.1099853515625,279.3599853515625,277.3999938964844,78114600.0,SPY
2019-02-23,278.1099853515625,279.3599853515625,277.3999938964844,0.0,SPY
2019-02-24,278.1099853515625,279.3599853515625,277.3999938964844,0.0,SPY
2019-02-25,280.7300109863281,281.30999755859375,279.42999267578125,69030700.0,SPY
2019-02-26,279.1300048828125,280.29998779296875,278.8999938964844,56844100.0,SPY
2019-02-27,278.5199890136719,279.5899963378906,277.4800109863281,56921600.0,SPY
2019-02-28,278.9599914550781,279.45001220703125,278.32000732421875,69268300.0,SPY
2019-03-01,280.44000244140625,280.8800048828125,278.82000732421875,78880500.0,SPY
2019-03-02,280.44000244140625,280.8800048828125,278.82000732421875,0.0,SPY
2019-03-03,280.44000244140625,280.8800048828125,278.82000732421875,0.0,SPY
2019-03-04,281.6000061035156,281.8699951171875,276.8399963378906,106494600.0,SPY
2019-03-05,279.5400085449219,279.760009765625,278.4100036621094,59114600.0,SPY
2019-03-06,279.1499938964844,279.1600036621094,276.9700012207031,75039800.0,SPY
2019-03-07,276.8299865722656,276.989990234375,274.07000732421875,94885100.0,SPY
2019-03-08,272.94000244140625,274.6499938964844,272.4200134277344,85795800.0,SPY
2019-03-09,272.94000244140625,274.6499938964844,272.4200134277344,0.0,SPY
2019-03-10,272.94000244140625,274.6499938964844,272.4200134277344,0.0,SPY
2019-03-11,275.260009765625,278.6199951171875,275.2300109863281,65098900.0,SPY
2019-03-12,279.05999755859375,280.07000732421875,278.8500061035156,79667500.0,SPY
2019-03-13,280.4800109863281,282.3800048828125,280.29998779296875,80639200.0,SPY
2019-03-14,281.3699951171875,281.8399963378906,280.6700134277344,67518400.0,SPY
2019-03-15,280.5400085449219,282.2099914550781,280.3299865722656,81309000.0,SPY
2019-03-16,280.5400085449219,282.2099914550781,280.3299865722656,0.0,SPY
2019-03-17,280.5400085449219,282.2099914550781,280.3299865722656,0.0,SPY
2019-03-18,281.54998779296875,282.6600036621094,281.29998779296875,62199800.0,SPY
2019-03-19,283.510009765625,284.3599853515625,281.4100036621094,90268100.0,SPY
2019-03-20,282.1600036621094,283.5,280.32000732421875,84609200.0,SPY
2019-03-21,280.6400146484375,285.17999267578125,280.5899963378906,79550400.0,SPY
2019-03-22,283.2200012207031,283.79998779296875,279.17999267578125,122659300.0,SPY
2019-03-23,283.2200012207031,283.79998779296875,279.17999267578125,0.0,SPY
2019-03-24,283.2200012207031,283.79998779296875,279.17999267578125,0.0,SPY
2019-03-25,278.8699951171875,280.19000244140625,277.6400146484375,85575200.0,SPY
2019-03-26,280.989990234375,282.17999267578125,279.55999755859375,68125900.0,SPY
2019-03-27,281.1099853515625,281.760009765625,277.92999267578125,72224700.0,SPY
2019-03-28,280.3500061035156,281.2099914550781,279.07000732421875,56238500.0,SPY
2019-03-29,282.3900146484375,282.8399963378906,281.1400146484375,82186800.0,SPY
2019-03-30,282.3900146484375,282.8399963378906,281.1400146484375,0.0,SPY
2019-03-31,282.3900146484375,282.8399963378906,281.1400146484375,0.0,SPY
2019-04-01,284.70001220703125,286.1600036621094,284.3999938964844,77617900.0,SPY
2019-04-02,286.0400085449219,286.2300109863281,285.0899963378906,40070400.0,SPY
2019-04-03,287.32000732421875,287.760009765625,285.75,68243200.0,SPY
2019-04-04,286.7799987792969,287.4599914550781,286.010009765625,48997500.0,SPY
2019-04-05,287.9200134277344,288.6300048828125,287.6000061035156,58621700.0,SPY
2019-04-06,287.9200134277344,288.6300048828125,287.6000061035156,0.0,SPY
2019-04-07,287.9200134277344,288.6300048828125,287.6000061035156,0.0,SPY
2019-04-08,288.1000061035156,288.9100036621094,287.3699951171875,53566300.0,SPY
2019-04-09,287.7200012207031,288.0799865722656,286.70001220703125,66142300.0,SPY
2019-04-10,287.7699890136719,288.3900146484375,287.30999755859375,52601500.0,SPY
2019-04-11,288.8299865722656,288.8399963378906,287.5799865722656,55093100.0,SPY
2019-04-12,290.0,290.4700012207031,288.260009765625,69727800.0,SPY
2019-04-13,290.0,290.4700012207031,288.260009765625,0.0,SPY
2019-04-14,290.0,290.4700012207031,288.260009765625,0.0,SPY
2019-04-15,290.239990234375,290.3500061035156,289.0799865722656,49596700.0,SPY
2019-04-16,290.95001220703125,291.010009765625,289.5,52153200.0,SPY
2019-04-17,291.3999938964844,291.42999267578125,288.989990234375,58268300.0,SPY
2019-04-18,290.1000061035156,290.32000732421875,288.6600036621094,68708500.0,SPY
2019-04-19,290.1000061035156,290.32000732421875,288.6600036621094,0.0,SPY
2019-04-20,290.1000061035156,290.32000732421875,288.6600036621094,0.0,SPY
2019-04-21,290.1000061035156,290.32000732421875,288.6600036621094,0.0,SPY
2019-04-22,289.1700134277344,290.44000244140625,289.07000732421875,40160100.0,SPY
2019-04-23,290.67999267578125,293.1400146484375,290.4200134277344,52246600.0,SPY
2019-04-24,292.7900085449219,293.1600036621094,292.07000732421875,50392900.0,SPY
2019-04-25,292.1199951171875,292.7799987792969,290.7300109863281,57770900.0,SPY
2019-04-26,292.1000061035156,293.489990234375,291.239990234375,50916400.0,SPY
2019-04-27,292.1000061035156,293.489990234375,291.239990234375,0.0,SPY
2019-04-28,292.1000061035156,293.489990234375,291.239990234375,0.0,SPY
2019-04-29,293.510009765625,294.45001220703125,293.4100036621094,57197700.0,SPY
2019-04-30,293.489990234375,294.3399963378906,291.9200134277344,81111700.0,SPY
2019-05-01,294.7200012207031,294.95001220703125,291.79998779296875,71671900.0,SPY
2019-05-02,291.67999267578125,292.70001220703125,289.5199890136719,65030200.0,SPY
2019-05-03,292.82000732421875,294.3399963378906,291.29998779296875,56543700.0,SPY
2019-05-04,292.82000732421875,294.3399963378906,291.29998779296875,0.0,SPY
2019-05-05,292.82000732421875,294.3399963378906,291.29998779296875,0.0,SPY
2019-05-06,289.25,293.30999755859375,288.8999938964844,107198100.0,SPY
2019-05-07,290.1499938964844,290.80999755859375,285.80999755859375,144729900.0,SPY
2019-05-08,287.5299987792969,289.42999267578125,286.8699951171875,91568300.0,SPY
2019-05-09,285.2300109863281,287.3299865722656,283.29998779296875,103471100.0,SPY
2019-05-10,285.6199951171875,288.94000244140625,282.29998779296875,112429300.0,SPY
2019-05-11,285.6199951171875,288.94000244140625,282.29998779296875,0.0,SPY
2019-05-12,285.6199951171875,288.94000244140625,282.29998779296875,0.0,SPY
2019-05-13,282.4200134277344,283.489990234375,279.92999267578125,127290500.0,SPY
2019-05-14,281.989990234375,285.1000061035156,281.8500061035156,77003200.0,SPY
2019-05-15,281.5899963378906,285.7699890136719,281.3599853515625,73956400.0,SPY
2019-05-16,285.8399963378906,289.2099914550781,285.760009765625,76749600.0,SPY
2019-05-17,285.1400146484375,288.6000061035156,285.1199951171875,100353000.0,SPY
2019-05-18,285.1400146484375,288.6000061035156,285.1199951171875,0.0,SPY
2019-05-19,285.1400146484375,288.6000061035156,285.1199951171875,0.0,SPY
2019-05-20,284.05999755859375,285.9599914550781,283.1199951171875,62877600.0,SPY
2019-05-21,285.8299865722656,286.92999267578125,285.54998779296875,46847100.0,SPY
2019-05-22,285.45001220703125,286.69000244140625,285.1000061035156,49482500.0,SPY
2019-05-23,283.1600036621094,283.2099914550781,280.57000732421875,98733800.0,SPY
2019-05-24,283.739990234375,284.20001220703125,282.0899963378906,55268100.0,SPY
2019-05-25,283.739990234375,284.20001220703125,282.0899963378906,0.0,SPY
2019-05-26,283.739990234375,284.20001220703125,282.0899963378906,0.0,SPY
2019-05-27,283.739990234375,284.20001220703125,282.0899963378906,0.0,SPY
2019-05-28,283.0899963378906,284.1499938964844,280.1300048828125,70029400.0,SPY
2019-05-29,278.9100036621094,279.3599853515625,276.7099914550781,104972900.0,SPY
2019-05-30,279.1099853515625,280.0400085449219,277.80999755859375,62523800.0,SPY
2019-05-31,276.20001220703125,277.1199951171875,275.239990234375,86862800.0,SPY
2019-06-01,276.20001220703125,277.1199951171875,275.239990234375,0.0,SPY
2019-06-02,276.20001220703125,277.1199951171875,275.239990234375,0.0,SPY
2019-06-03,275.30999755859375,276.54998779296875,273.0899963378906,96428000.0,SPY
2019-06-04,277.1199951171875,280.67999267578125,276.6199951171875,77231900.0,SPY
2019-06-05,282.3299865722656,282.989990234375,280.32000732421875,71169700.0,SPY
2019-06-06,283.2900085449219,285.54998779296875,282.57000732421875,69430400.0,SPY
2019-06-07,285.92999267578125,288.8500061035156,285.739990234375,74272200.0,SPY
2019-06-08,285.92999267578125,288.8500061035156,285.739990234375,0.0,SPY
2019-06-09,285.92999267578125,288.8500061035156,285.739990234375,0.0,SPY
2019-06-10,289.3699951171875,290.82000732421875,288.8699951171875,60799100.0,SPY
2019-06-11,290.989990234375,291.3999938964844,288.17999267578125,58641300.0,SPY
2019-06-12,288.6400146484375,289.260009765625,287.82000732421875,47096300.0,SPY
2019-06-13,289.3999938964844,289.9800109863281,288.6199951171875,48945200.0,SPY
2019-06-14,289.260009765625,289.92999267578125,288.4100036621094,52324700.0,SPY
2019-06-15,289.260009765625,289.92999267578125,288.4100036621094,0.0,SPY
2019-06-16,289.260009765625,289.92999267578125,288.4100036621094,0.0,SPY
2019-06-17,289.5199890136719,290.2200012207031,289.17999267578125,39205700.0,SPY
2019-06-18,291.3900146484375,293.57000732421875,290.989990234375,85434800.0,SPY
2019-06-19,292.54998779296875,293.6499938964844,291.4700012207031,78674400.0,SPY
2019-06-20,296.0400085449219,296.30999755859375,293.1300048828125,116570000.0,SPY
2019-06-21,294.1300048828125,295.5199890136719,293.760009765625,83309500.0,SPY
2019-06-22,294.1300048828125,295.5199890136719,293.760009765625,0.0,SPY
2019-06-23,294.1300048828125,295.5199890136719,293.760009765625,0.0,SPY
2019-06-24,294.2300109863281,294.5799865722656,293.4700012207031,47582700.0,SPY
2019-06-25,293.70001220703125,293.7300109863281,290.6400146484375,82028700.0,SPY
2019-06-26,291.75,292.30999755859375,290.3500061035156,51584900.0,SPY
2019-06-27,291.30999755859375,292.05999755859375,290.8900146484375,40355200.0,SPY
2019-06-28,292.5799865722656,293.54998779296875,292.010009765625,59350900.0,SPY
2019-06-29,292.5799865722656,293.54998779296875,292.010009765625,0.0,SPY
2019-06-30,292.5799865722656,293.54998779296875,292.010009765625,0.0,SPY
2019-07-01,296.67999267578125,296.9200134277344,294.3299865722656,78705600.0,SPY
2019-07-02,295.6099853515625,296.489990234375,294.67999267578125,61504500.0,SPY
2019-07-03,297.17999267578125,298.82000732421875,297.0199890136719,40898900.0,SPY
2019-07-04,297.17999267578125,298.82000732421875,297.0199890136719,0.0,SPY
2019-07-05,297.44000244140625,298.6400146484375,296.010009765625,51677300.0,SPY
2019-07-06,297.44000244140625,298.6400146484375,296.010009765625,0.0,SPY
2019-07-07,297.44000244140625,298.6400146484375,296.010009765625,0.0,SPY
2019-07-08,297.010009765625,298.260009765625,296.2200012207031,45841800.0,SPY
2019-07-09,295.5400085449219,297.5199890136719,295.4800109863281,41101300.0,SPY
2019-07-10,298.3699951171875,299.6600036621094,297.7799987792969,58448500.0,SPY
2019-07-11,299.32000732421875,299.5799865722656,298.20001220703125,50826100.0,SPY
2019-07-12,299.8500061035156,300.7300109863281,299.510009765625,40326000.0,SPY
2019-07-13,299.8500061035156,300.7300109863281,299.510009765625,0.0,SPY
2019-07-14,299.8500061035156,300.7300109863281,299.510009765625,0.0,SPY
2019-07-15,301.1300048828125,301.1300048828125,300.19000244140625,33900000.0,SPY
2019-07-16,300.6499938964844,300.8800048828125,299.44000244140625,36650100.0,SPY
2019-07-17,299.75,299.92999267578125,297.739990234375,36036300.0,SPY
2019-07-18,297.19000244140625,299.25,296.70001220703125,51392600.0,SPY
2019-07-19,300.0400085449219,300.07000732421875,296.9800109863281,58678600.0,SPY
2019-07-20,300.0400085449219,300.07000732421875,296.9800109863281,0.0,SPY
2019-07-21,300.0400085449219,300.07000732421875,296.9800109863281,0.0,SPY
2019-07-22,297.6099853515625,298.5,297.0400085449219,43638100.0,SPY
2019-07-23,299.1400146484375,300.0299987792969,298.2200012207031,44564500.0,SPY
2019-07-24,299.19000244140625,301.44000244140625,299.0899963378906,47213200.0,SPY
2019-07-25,300.94000244140625,301.0,299.1099853515625,55394100.0,SPY
2019-07-26,300.760009765625,302.2300109863281,300.6199951171875,45084100.0,SPY
2019-07-27,300.760009765625,302.2300109863281,300.6199951171875,0.0,SPY
2019-07-28,300.760009765625,302.2300109863281,300.6199951171875,0.0,SPY
2019-07-29,301.8800048828125,302.010009765625,300.8500061035156,38126500.0,SPY
2019-07-30,299.9100036621094,301.1700134277344,299.489990234375,45849000.0,SPY
2019-07-31,300.989990234375,301.20001220703125,295.20001220703125,104245200.0,SPY
2019-08-01,297.6000061035156,300.8699951171875,293.9599914550781,142646600.0,SPY
2019-08-02,293.8500061035156,294.1199951171875,290.8999938964844,116749700.0,SPY
2019-08-03,293.8500061035156,294.1199951171875,290.8999938964844,0.0,SPY
2019-08-04,293.8500061035156,294.1199951171875,290.8999938964844,0.0,SPY
2019-08-05,288.0899963378906,288.2099914550781,281.7200012207031,178745400.0,SPY
2019-08-06,285.9100036621094,288.0400085449219,284.2799987792969,120711700.0,SPY
2019-08-07,284.3999938964844,288.82000732421875,282.0400085449219,140572300.0,SPY
2019-08-08,289.6199951171875,293.6199951171875,289.010009765625,87713900.0,SPY
2019-08-09,292.5799865722656,293.239990234375,289.6499938964844,93730000.0,SPY
2019-08-10,292.5799865722656,293.239990234375,289.6499938964844,0.0,SPY
2019-08-11,292.5799865722656,293.239990234375,289.6499938964844,0.0,SPY
2019-08-12,289.9599914550781,291.6099853515625,287.0199890136719,65527600.0,SPY
2019-08-13,287.739990234375,294.1499938964844,287.3599853515625,94299800.0,SPY
2019-08-14,288.07000732421875,288.739990234375,283.760009765625,135622100.0,SPY
2019-08-15,284.8800048828125,285.6400146484375,282.3900146484375,99556600.0,SPY
2019-08-16,286.4800109863281,289.3299865722656,284.7099914550781,83018300.0,SPY
2019-08-17,286.4800109863281,289.3299865722656,284.7099914550781,0.0,SPY
2019-08-18,286.4800109863281,289.3299865722656,284.7099914550781,0.0,SPY
2019-08-19,292.19000244140625,293.0799865722656,291.44000244140625,53571800.0,SPY
2019-08-20,291.7699890136719,292.3599853515625,289.95001220703125,51596400.0,SPY
2019-08-21,292.4800109863281,292.8599853515625,291.7200012207031,49524700.0,SPY
2019-08-22,293.2300109863281,293.92999267578125,290.3999938964844,51666400.0,SPY
2019-08-23,290.9200134277344,292.760009765625,283.4700012207031,149161500.0,SPY
2019-08-24,290.9200134277344,292.760009765625,283.4700012207031,0.0,SPY
2019-08-25,290.9200134277344,292.760009765625,283.4700012207031,0.0,SPY
2019-08-26,287.2699890136719,288.0,285.5799865722656,72423800.0,SPY
2019-08-27,289.5400085449219,289.95001220703125,286.0299987792969,66668900.0,SPY
2019-08-28,286.1400146484375,289.07000732421875,285.25,59696700.0,SPY
2019-08-29,291.7200012207031,293.1600036621094,290.6099853515625,57899400.0,SPY
2019-08-30,294.2200012207031,294.239990234375,291.4200134277344,62901200.0,SPY
2019-08-31,294.2200012207031,294.239990234375,291.4200134277344,0.0,SPY
2019-09-01,294.2200012207031,294.239990234375,291.4200134277344,0.0,SPY
2019-09-02,294.2200012207031,294.239990234375,291.4200134277344,0.0,SPY
2019-09-03,290.57000732421875,291.5799865722656,289.2699890136719,69101400.0,SPY
2019-09-04,293.1400146484375,294.05999755859375,292.30999755859375,46887300.0,SPY
2019-09-05,296.7900085449219,298.8299865722656,294.0,83258100.0,SPY
2019-09-06,298.1700134277344,298.760009765625,297.4200134277344,49584300.0,SPY
2019-09-07,298.1700134277344,298.760009765625,297.4200134277344,0.0,SPY
2019-09-08,298.1700134277344,298.760009765625,297.4200134277344,0.0,SPY
2019-09-09,299.1400146484375,299.239990234375,297.1600036621094,51260300.0,SPY
2019-09-10,297.3599853515625,298.20001220703125,295.9700012207031,57947100.0,SPY
2019-09-11,298.4700012207031,300.3399963378906,297.75,68821100.0,SPY
2019-09-12,301.25,302.4599914550781,300.4100036621094,72908700.0,SPY
2019-09-13,301.7799987792969,302.1700134277344,300.67999267578125,62104800.0,SPY
2019-09-14,301.7799987792969,302.1700134277344,300.67999267578125,0.0,SPY
2019-09-15,301.7799987792969,302.1700134277344,300.67999267578125,0.0,SPY
2019-09-16,299.8399963378906,301.1400146484375,299.45001220703125,58191200.0,SPY
2019-09-17,299.94000244140625,301.0199890136719,299.75,41475500.0,SPY
2019-09-18,300.489990234375,301.2200012207031,298.239990234375,73375800.0,SPY
2019-09-19,301.5299987792969,302.6300048828125,300.7099914550781,76560500.0,SPY
2019-09-20,300.3599853515625,300.6700134277344,297.4100036621094,89565000.0,SPY
2019-09-21,300.3599853515625,300.6700134277344,297.4100036621094,0.0,SPY
2019-09-22,300.3599853515625,300.6700134277344,297.4100036621094,0.0,SPY
2019-09-23,297.54998779296875,299.0,297.2699890136719,43476800.0,SPY
2019-09-24,299.4100036621094,299.8399963378906,294.80999755859375,94869400.0,SPY
2019-09-25,295.9599914550781,298.1099853515625,294.3299865722656,71854000.0,SPY
2019-09-26,297.6300048828125,297.8599853515625,295.45001220703125,56179700.0,SPY
2019-09-27,297.8299865722656,297.95001220703125,293.69000244140625,84746600.0,SPY
2019-09-28,297.8299865722656,297.95001220703125,293.69000244140625,0.0,SPY
2019-09-29,297.8299865722656,297.95001220703125,293.69000244140625,0.0,SPY
2019-09-30,295.9700012207031,297.54998779296875,295.9200134277344,51662400.0,SPY
2019-10-01,297.739990234375,298.4599914550781,293.0,88242400.0,SPY
2019-10-02,291.5,291.510009765625,286.6400146484375,122539500.0,SPY
2019-10-03,287.80999755859375,290.45001220703125,284.82000732421875,85278800.0,SPY
2019-10-04,291.1400146484375,294.6300048828125,291.0799865722656,65091200.0,SPY
2019-10-05,291.1400146484375,294.6300048828125,291.0799865722656,0.0,SPY
2019-10-06,291.1400146484375,294.6300048828125,291.0799865722656,0.0,SPY
2019-10-07,293.4700012207031,295.260009765625,292.7699890136719,59610500.0,SPY
2019-10-08,291.0400085449219,291.8500061035156,288.489990234375,95708100.0,SPY
2019-10-09,290.75,292.29998779296875,290.05999755859375,62359400.0,SPY
2019-10-10,291.17999267578125,294.2099914550781,291.0,55296300.0,SPY
2019-10-11,296.2699890136719,298.739990234375,296.1400146484375,98720400.0,SPY
2019-10-12,296.2699890136719,298.739990234375,296.1400146484375,0.0,SPY
2019-10-13,296.2699890136719,298.739990234375,296.1400146484375,0.0,SPY
2019-10-14,295.92999267578125,296.6700134277344,295.57000732421875,40394800.0,SPY
2019-10-15,297.1000061035156,299.70001220703125,296.9700012207031,46754500.0,SPY
2019-10-16,298.3699951171875,299.1600036621094,297.9200134277344,48928200.0,SPY
2019-10-17,299.67999267578125,300.239990234375,298.5199890136719,45736600.0,SPY
2019-10-18,298.69000244140625,299.3999938964844,297.0299987792969,64304000.0,SPY
2019-10-19,298.69000244140625,299.3999938964844,297.0299987792969,0.0,SPY
2019-10-20,298.69000244140625,299.3999938964844,297.0299987792969,0.0,SPY
2019-10-21,299.4200134277344,300.2099914550781,298.94000244140625,39048600.0,SPY
2019-10-22,300.5799865722656,300.8999938964844,298.9100036621094,48594700.0,SPY
2019-10-23,298.7300109863281,299.94000244140625,298.5,34352200.0,SPY
2019-10-24,300.9100036621094,301.07000732421875,299.4599914550781,35453100.0,SPY
2019-10-25,299.739990234375,302.20001220703125,299.67999267578125,45205400.0,SPY
2019-10-26,299.739990234375,302.20001220703125,299.67999267578125,0.0,SPY
2019-10-27,299.739990234375,302.20001220703125,299.67999267578125,0.0,SPY
2019-10-28,302.94000244140625,303.8500061035156,302.9100036621094,42147000.0,SPY
2019-10-29,303.0,304.2300109863281,302.8599853515625,44284900.0,SPY
2019-10-30,303.42999267578125,304.54998779296875,301.989990234375,49643900.0,SPY
2019-10-31,304.1300048828125,304.1300048828125,301.7300109863281,69053800.0,SPY
2019-11-01,304.9200134277344,306.19000244140625,304.739990234375,71141500.0,SPY
2019-11-02,304.9200134277344,306.19000244140625,304.739990234375,0.0,SPY
2019-11-03,304.9200134277344,306.19000244140625,304.739990234375,0.0,SPY
2019-11-04,307.8500061035156,308.0,306.9599914550781,60606900.0,SPY
2019-11-05,307.5899963378906,307.9200134277344,306.7099914550781,42933200.0,SPY
2019-11-06,307.0299987792969,307.3999938964844,306.05999755859375,46487100.0,SPY
2019-11-07,308.57000732421875,309.6499938964844,307.6600036621094,54272300.0,SPY
2019-11-08,307.79998779296875,309.0,307.0299987792969,49032100.0,SPY
2019-11-09,307.79998779296875,309.0,307.0299987792969,0.0,SPY
2019-11-10,307.79998779296875,309.0,307.0299987792969,0.0,SPY
2019-11-11,307.4200134277344,308.5400085449219,307.2699890136719,35797300.0,SPY
2019-11-12,308.75,309.989990234375,308.1499938964844,46484600.0,SPY
2019-11-13,307.9100036621094,309.5400085449219,307.6600036621094,53917700.0,SPY
2019-11-14,308.7900085449219,309.6400146484375,308.0899963378906,51219900.0,SPY
2019-11-15,311.0199890136719,311.8399963378906,310.260009765625,62023600.0,SPY
2019-11-16,311.0199890136719,311.8399963378906,310.260009765625,0.0,SPY
2019-11-17,311.0199890136719,311.8399963378906,310.260009765625,0.0,SPY
2019-11-18,311.5299987792969,312.2799987792969,311.0299987792969,49228000.0,SPY
2019-11-19,312.67999267578125,312.69000244140625,311.2200012207031,67804700.0,SPY
2019-11-20,311.2799987792969,311.8500061035156,309.05999755859375,79406200.0,SPY
2019-11-21,310.8900146484375,311.010009765625,309.3900146484375,54664700.0,SPY
2019-11-22,311.0899963378906,311.239990234375,309.8500061035156,44850200.0,SPY
2019-11-23,311.0899963378906,311.239990234375,309.8500061035156,0.0,SPY
2019-11-24,311.0899963378906,311.239990234375,309.8500061035156,0.0,SPY
2019-11-25,311.9800109863281,313.3699951171875,311.9800109863281,48647200.0,SPY
2019-11-26,313.4100036621094,314.2799987792969,313.05999755859375,37569000.0,SPY
2019-11-27,314.6099853515625,315.4800109863281,314.3699951171875,44444600.0,SPY
2019-11-28,314.6099853515625,315.4800109863281,314.3699951171875,0.0,SPY
2019-11-29,314.8599853515625,315.1300048828125,314.05999755859375,36592700.0,SPY
2019-11-30,314.8599853515625,315.1300048828125,314.05999755859375,0.0,SPY
2019-12-01,314.8599853515625,315.1300048828125,314.05999755859375,0.0,SPY
2019-12-02,314.5899963378906,314.6600036621094,311.1700134277344,75767800.0,SPY
2019-12-03,308.6499938964844,309.6400146484375,307.1300048828125,73941700.0,SPY
2019-12-04,310.70001220703125,312.1199951171875,310.32000732421875,49080000.0,SPY
2019-12-05,312.2300109863281,312.25,310.5799865722656,40709000.0,SPY
2019-12-06,314.1199951171875,315.30999755859375,314.1099853515625,48927000.0,SPY
2019-12-07,314.1199951171875,315.30999755859375,314.1099853515625,0.0,SPY
2019-12-08,314.1199951171875,315.30999755859375,314.1099853515625,0.0,SPY
2019-12-09,314.44000244140625,315.17999267578125,313.79998779296875,34838500.0,SPY
2019-12-10,313.82000732421875,314.54998779296875,312.80999755859375,52649800.0,SPY
2019-12-11,314.0299987792969,314.70001220703125,313.44000244140625,53429100.0,SPY
2019-12-12,314.42999267578125,317.989990234375,314.1700134277344,96389600.0,SPY
2019-12-13,316.8699951171875,318.6700134277344,316.0199890136719,81503900.0,SPY
2019-12-14,316.8699951171875,318.6700134277344,316.0199890136719,0.0,SPY
2019-12-15,316.8699951171875,318.6700134277344,316.0199890136719,0.0,SPY
2019-12-16,319.2200012207031,320.1499938964844,317.25,82749700.0,SPY
2019-12-17,319.9200134277344,320.25,319.4800109863281,61097700.0,SPY
2019-12-18,320.0,320.25,319.5299987792969,48133000.0,SPY
2019-12-19,319.79998779296875,320.9800109863281,319.5199890136719,85310500.0,SPY
2019-12-20,320.4599914550781,321.9700012207031,319.3900146484375,147142100.0,SPY
2019-12-21,320.4599914550781,321.9700012207031,319.3900146484375,0.0,SPY
2019-12-22,320.4599914550781,321.9700012207031,319.3900146484375,0.0,SPY
2019-12-23,321.5899963378906,321.6499938964844,321.05999755859375,52990000.0,SPY
2019-12-24,321.4700012207031,321.5199890136719,320.8999938964844,20270000.0,SPY
2019-12-25,321.4700012207031,321.5199890136719,320.8999938964844,0.0,SPY
2019-12-26,321.6499938964844,322.95001220703125,321.6400146484375,30911200.0,SPY
2019-12-27,323.739990234375,323.79998779296875,322.2799987792969,42528800.0,SPY
2019-12-28,323.739990234375,323.79998779296875,322.2799987792969,0.0,SPY
2019-12-29,323.739990234375,323.79998779296875,322.2799987792969,0.0,SPY
2019-12-30,322.95001220703125,323.1000061035156,320.54998779296875,49729100.0,SPY
2019-12-31,320.5299987792969,322.1300048828125,320.1499938964844,57077300.0,SPY
2020-01-01,320.5299987792969,322.1300048828125,320.1499938964844,0.0,SPY
2020-01-02,323.5400085449219,324.8900146484375,322.5299987792969,59151200.0,SPY
2020-01-03,321.1600036621094,323.6400146484375,321.1000061035156,77709700.0,SPY
2020-01-04,321.1600036621094,323.6400146484375,321.1000061035156,0.0,SPY
2020-01-05,321.1600036621094,323.6400146484375,321.1000061035156,0.0,SPY
2020-01-06,320.489990234375,323.7300109863281,320.3599853515625,55653900.0,SPY
2020-01-07,323.0199890136719,323.5400085449219,322.239990234375,40496400.0,SPY
2020-01-08,322.94000244140625,325.7799987792969,322.6700134277344,68296000.0,SPY
2020-01-09,326.1600036621094,326.7300109863281,325.5199890136719,48473300.0,SPY
2020-01-10,327.2900085449219,327.4599914550781,325.20001220703125,53029300.0,SPY
2020-01-11,327.2900085449219,327.4599914550781,325.20001220703125,0.0,SPY
2020-01-12,327.2900085449219,327.4599914550781,325.20001220703125,0.0,SPY
2020-01-13,326.3900146484375,327.9599914550781,325.9200134277344,47086800.0,SPY
2020-01-14,327.4700012207031,328.6199951171875,326.8399963378906,62832800.0,SPY
2020-01-15,327.3500061035156,329.0199890136719,327.260009765625,72056600.0,SPY
2020-01-16,329.70001220703125,330.9200134277344,329.45001220703125,54050300.0,SPY
2020-01-17,331.70001220703125,332.17999267578125,330.8500061035156,95846000.0,SPY
2020-01-18,331.70001220703125,332.17999267578125,330.8500061035156,0.0,SPY
2020-01-19,331.70001220703125,332.17999267578125,330.8500061035156,0.0,SPY
2020-01-20,331.70001220703125,332.17999267578125,330.8500061035156,0.0,SPY
2020-01-21,330.8999938964844,332.17999267578125,330.82000732421875,77742400.0,SPY
2020-01-22,332.239990234375,332.95001220703125,331.1700134277344,48914900.0,SPY
2020-01-23,330.6300048828125,332.1700134277344,329.4100036621094,51963000.0,SPY
2020-01-24,332.44000244140625,332.5299987792969,327.3599853515625,87578400.0,SPY
2020-01-25,332.44000244140625,332.5299987792969,327.3599853515625,0.0,SPY
2020-01-26,332.44000244140625,332.5299987792969,327.3599853515625,0.0,SPY
2020-01-27,323.0299987792969,325.1199951171875,322.6600036621094,84062500.0,SPY
2020-01-28,325.05999755859375,327.8500061035156,323.6000061035156,63834000.0,SPY
2020-01-29,328.3800048828125,328.6300048828125,326.3999938964844,53888900.0,SPY
2020-01-30,324.3599853515625,327.9100036621094,323.5400085449219,75491800.0,SPY
2020-01-31,327.0,327.1700134277344,320.7300109863281,113845600.0,SPY
2020-02-01,327.0,327.1700134277344,320.7300109863281,0.0,SPY
2020-02-02,327.0,327.1700134277344,320.7300109863281,0.0,SPY
2020-02-03,323.3500061035156,326.1600036621094,323.2200012207031,69083000.0,SPY
2020-02-04,328.07000732421875,330.010009765625,327.7200012207031,62573200.0,SPY
2020-02-05,332.2699890136719,333.0899963378906,330.6700134277344,65951100.0,SPY
2020-02-06,333.9100036621094,334.19000244140625,332.79998779296875,50359700.0,SPY
2020-02-07,332.82000732421875,333.989990234375,331.6000061035156,64139400.0,SPY
2020-02-08,332.82000732421875,333.989990234375,331.6000061035156,0.0,SPY
2020-02-09,332.82000732421875,333.989990234375,331.6000061035156,0.0,SPY
2020-02-10,331.2300109863281,334.75,331.19000244140625,42070000.0,SPY
2020-02-11,336.1600036621094,337.0199890136719,334.67999267578125,54864500.0,SPY
2020-02-12,336.8299865722656,337.6499938964844,336.42999267578125,43992700.0,SPY
2020-02-13,335.8599853515625,338.1199951171875,335.55999755859375,54501900.0,SPY
2020-02-14,337.510009765625,337.7300109863281,336.20001220703125,64582200.0,SPY
2020-02-15,337.510009765625,337.7300109863281,336.20001220703125,0.0,SPY
2020-02-16,337.510009765625,337.7300109863281,336.20001220703125,0.0,SPY
2020-02-17,337.510009765625,337.7300109863281,336.20001220703125,0.0,SPY
2020-02-18,336.510009765625,337.6700134277344,335.2099914550781,57226200.0,SPY
2020-02-19,337.7900085449219,339.0799865722656,337.4800109863281,48814700.0,SPY
2020-02-20,337.739990234375,338.6400146484375,333.67999267578125,74163400.0,SPY
2020-02-21,335.4700012207031,335.80999755859375,332.5799865722656,113788200.0,SPY
2020-02-22,335.4700012207031,335.80999755859375,332.5799865722656,0.0,SPY
2020-02-23,335.4700012207031,335.80999755859375,332.5799865722656,0.0,SPY
2020-02-24,323.1400146484375,333.55999755859375,321.239990234375,161088400.0,SPY
2020-02-25,323.94000244140625,324.6099853515625,311.69000244140625,218913200.0,SPY
2020-02-26,314.17999267578125,318.1099853515625,310.70001220703125,194773800.0,SPY
2020-02-27,305.4599914550781,311.55999755859375,297.510009765625,284353500.0,SPY
2020-02-28,288.70001220703125,297.8900146484375,285.5400085449219,384975800.0,SPY
2020-02-29,288.70001220703125,297.8900146484375,285.5400085449219,0.0,SPY
2020-03-01,288.70001220703125,297.8900146484375,285.5400085449219,0.0,SPY
2020-03-02,298.2099914550781,309.1600036621094,294.4599914550781,238703600.0,SPY
2020-03-03,309.5,313.8399963378906,297.57000732421875,300139100.0,SPY
2020-03-04,306.1199951171875,313.1000061035156,303.3299865722656,176613400.0,SPY
2020-03-05,304.9800109863281,308.4700012207031,300.010009765625,186366800.0,SPY
2020-03-06,293.1499938964844,298.7799987792969,290.2300109863281,228667200.0,SPY
2020-03-07,293.1499938964844,298.7799987792969,290.2300109863281,0.0,SPY
2020-03-08,293.1499938964844,298.7799987792969,290.2300109863281,0.0,SPY
2020-03-09,275.29998779296875,284.19000244140625,273.45001220703125,309417300.0,SPY
2020-03-10,284.6400146484375,288.5199890136719,273.5,276444100.0,SPY
2020-03-11,280.70001220703125,281.94000244140625,270.8800048828125,255316300.0,SPY
2020-03-12,256.0,266.6600036621094,247.67999267578125,392220700.0,SPY
2020-03-13,263.0899963378906,271.4800109863281,248.52000427246094,329566100.0,SPY
2020-03-14,263.0899963378906,271.4800109863281,248.52000427246094,0.0,SPY
2020-03-15,263.0899963378906,271.4800109863281,248.52000427246094,0.0,SPY
2020-03-16,241.17999267578125,256.8999938964844,237.36000061035156,297240000.0,SPY
2020-03-17,245.0399932861328,256.1700134277344,237.07000732421875,262070500.0,SPY
2020-03-18,236.25,248.3699951171875,228.02000427246094,327597100.0,SPY
2020-03-19,239.25,247.3800048828125,232.22000122070312,289322000.0,SPY
2020-03-20,242.52999877929688,244.47000122070312,228.5,347158800.0,SPY
2020-03-21,242.52999877929688,244.47000122070312,228.5,0.0,SPY
2020-03-22,242.52999877929688,244.47000122070312,228.5,0.0,SPY
2020-03-23,228.19000244140625,229.67999267578125,218.25999450683594,326025200.0,SPY
2020-03-24,234.4199981689453,244.10000610351562,233.8000030517578,235494500.0,SPY
2020-03-25,244.8699951171875,256.3500061035156,239.75,299430300.0,SPY
2020-03-26,249.52000427246094,262.79998779296875,249.0500030517578,257632800.0,SPY
2020-03-27,253.27000427246094,260.80999755859375,251.0500030517578,224341200.0,SPY
2020-03-28,253.27000427246094,260.80999755859375,251.0500030517578,0.0,SPY
2020-03-29,253.27000427246094,260.80999755859375,251.0500030517578,0.0,SPY
2020-03-30,255.6999969482422,262.42999267578125,253.52999877929688,171369500.0,SPY
2020-03-31,260.55999755859375,263.3299865722656,256.2200012207031,194881100.0,SPY
2020-04-01,247.97999572753906,257.6600036621094,243.89999389648438,189554600.0,SPY
2020-04-02,245.19000244140625,252.67999267578125,244.58999633789062,177660400.0,SPY
2020-04-03,250.75999450683594,253.32000732421875,245.22000122070312,135561200.0,SPY
2020-04-04,250.75999450683594,253.32000732421875,245.22000122070312,0.0,SPY
2020-04-05,250.75999450683594,253.32000732421875,245.22000122070312,0.0,SPY
2020-04-06,257.8399963378906,267.0,248.1699981689453,188061200.0,SPY
2020-04-07,274.2099914550781,275.0299987792969,264.8900146484375,201427200.0,SPY
2020-04-08,267.9599914550781,276.0,265.25,153774500.0,SPY
2020-04-09,277.5799865722656,281.20001220703125,275.4700012207031,189999200.0,SPY
2020-04-10,277.5799865722656,281.20001220703125,275.4700012207031,0.0,SPY
2020-04-11,277.5799865722656,281.20001220703125,275.4700012207031,0.0,SPY
2020-04-12,277.5799865722656,281.20001220703125,275.4700012207031,0.0,SPY
2020-04-13,277.1400146484375,277.510009765625,271.4100036621094,114839100.0,SPY
2020-04-14,280.9800109863281,284.8999938964844,275.510009765625,134143400.0,SPY
2020-04-15,277.57000732421875,283.94000244140625,275.4599914550781,121775000.0,SPY
2020-04-16,279.1499938964844,280.0299987792969,275.760009765625,131798300.0,SPY
2020-04-17,285.3800048828125,287.29998779296875,282.3999938964844,146684800.0,SPY
2020-04-18,285.3800048828125,287.29998779296875,282.3999938964844,0.0,SPY
2020-04-19,285.3800048828125,287.29998779296875,282.3999938964844,0.0,SPY
2020-04-20,282.6099853515625,286.7900085449219,281.3500061035156,100109300.0,SPY
2020-04-21,276.7300109863281,278.0400085449219,272.0199890136719,126385700.0,SPY
2020-04-22,278.3500061035156,281.0,276.9100036621094,92951600.0,SPY
2020-04-23,280.489990234375,283.94000244140625,278.75,104709700.0,SPY
2020-04-24,280.7300109863281,283.70001220703125,278.5,85063200.0,SPY
2020-04-25,280.7300109863281,283.70001220703125,278.5,0.0,SPY
2020-04-26,280.7300109863281,283.70001220703125,278.5,0.0,SPY
2020-04-27,285.1199951171875,288.2699890136719,284.6199951171875,77896600.0,SPY
2020-04-28,291.0199890136719,291.3999938964844,285.3999938964844,105270000.0,SPY
2020-04-29,291.5299987792969,294.8800048828125,290.4100036621094,118745600.0,SPY
2020-04-30,291.7099914550781,293.32000732421875,288.5899963378906,122901700.0,SPY
2020-05-01,285.30999755859375,290.6600036621094,281.5199890136719,125180000.0,SPY
2020-05-02,285.30999755859375,290.6600036621094,281.5199890136719,0.0,SPY
2020-05-03,285.30999755859375,290.6600036621094,281.5199890136719,0.0,SPY
2020-05-04,280.739990234375,283.8999938964844,279.1300048828125,80873200.0,SPY
2020-05-05,286.6400146484375,289.25,283.7099914550781,79569900.0,SPY
2020-05-06,288.0400085449219,288.4599914550781,283.7799987792969,73632600.0,SPY
2020-05-07,287.75,289.7799987792969,287.1300048828125,75250400.0,SPY
2020-05-08,291.0899963378906,292.95001220703125,289.8599853515625,76452400.0,SPY
2020-05-09,291.0899963378906,292.95001220703125,289.8599853515625,0.0,SPY
2020-05-10,291.0899963378906,292.95001220703125,289.8599853515625,0.0,SPY
2020-05-11,290.3399963378906,294.0,289.8800048828125,79514200.0,SPY
2020-05-12,293.7900085449219,294.239990234375,286.5199890136719,95870800.0,SPY
2020-05-13,286.05999755859375,287.19000244140625,278.9599914550781,144721100.0,SPY
2020-05-14,278.95001220703125,285.1099853515625,272.989990234375,121977900.0,SPY
2020-05-15,282.3699951171875,286.3299865722656,281.3399963378906,111146300.0,SPY
2020-05-16,282.3699951171875,286.3299865722656,281.3399963378906,0.0,SPY
2020-05-17,282.3699951171875,286.3299865722656,281.3399963378906,0.0,SPY
2020-05-18,293.04998779296875,296.75,292.70001220703125,119703800.0,SPY
2020-05-19,294.3500061035156,296.2099914550781,291.95001220703125,95189300.0,SPY
2020-05-20,295.82000732421875,297.8699951171875,295.57000732421875,85861700.0,SPY
2020-05-21,296.7900085449219,297.6700134277344,293.69000244140625,78293900.0,SPY
2020-05-22,294.57000732421875,295.6300048828125,293.2200012207031,63958200.0,SPY
2020-05-23,294.57000732421875,295.6300048828125,293.2200012207031,0.0,SPY
2020-05-24,294.57000732421875,295.6300048828125,293.2200012207031,0.0,SPY
2020-05-25,294.57000732421875,295.6300048828125,293.2200012207031,0.0,SPY
2020-05-26,301.92999267578125,302.19000244140625,295.4599914550781,88951400.0,SPY
2020-05-27,302.1199951171875,303.57000732421875,296.8699951171875,104817400.0,SPY
2020-05-28,304.6499938964844,306.8399963378906,302.239990234375,90405200.0,SPY
2020-05-29,302.4599914550781,304.9599914550781,299.4700012207031,119090800.0,SPY
2020-05-30,302.4599914550781,304.9599914550781,299.4700012207031,0.0,SPY
2020-05-31,302.4599914550781,304.9599914550781,299.4700012207031,0.0,SPY
2020-06-01,303.6199951171875,306.2099914550781,303.05999755859375,55758300.0,SPY
2020-06-02,306.54998779296875,308.1300048828125,305.1000061035156,74267200.0,SPY
2020-06-03,310.239990234375,313.2200012207031,309.94000244140625,92567600.0,SPY
2020-06-04,311.1099853515625,313.0,309.0799865722656,75794400.0,SPY
2020-06-05,317.2300109863281,321.2699890136719,317.1600036621094,150524700.0,SPY
2020-06-06,317.2300109863281,321.2699890136719,317.1600036621094,0.0,SPY
2020-06-07,317.2300109863281,321.2699890136719,317.1600036621094,0.0,SPY
2020-06-08,320.2200012207031,323.4100036621094,319.6300048828125,73641200.0,SPY
2020-06-09,320.29998779296875,323.2799987792969,319.3599853515625,77479200.0,SPY
2020-06-10,321.4200134277344,322.3900146484375,318.2200012207031,95000800.0,SPY
2020-06-11,311.4599914550781,312.1499938964844,300.010009765625,209243600.0,SPY
2020-06-12,308.239990234375,309.0799865722656,298.6000061035156,194678900.0,SPY
2020-06-13,308.239990234375,309.0799865722656,298.6000061035156,0.0,SPY
2020-06-14,308.239990234375,309.0799865722656,298.6000061035156,0.0,SPY
2020-06-15,298.0199890136719,308.2799987792969,296.739990234375,135782700.0,SPY
2020-06-16,315.4800109863281,315.6400146484375,307.6700134277344,137627500.0,SPY
2020-06-17,314.07000732421875,314.3900146484375,310.8599853515625,83398900.0,SPY
2020-06-18,310.010009765625,312.29998779296875,309.510009765625,80828700.0,SPY
2020-06-19,314.1700134277344,314.3800048828125,306.5299987792969,135549600.0,SPY
2020-06-20,314.1700134277344,314.3800048828125,306.5299987792969,0.0,SPY
2020-06-21,314.1700134277344,314.3800048828125,306.5299987792969,0.0,SPY
2020-06-22,307.989990234375,311.04998779296875,306.75,74649400.0,SPY
2020-06-23,313.489990234375,314.5,311.6099853515625,68471200.0,SPY
2020-06-24,309.8399963378906,310.510009765625,302.1000061035156,132813500.0,SPY
2020-06-25,303.4700012207031,307.6400146484375,301.2799987792969,89468000.0,SPY
2020-06-26,306.1600036621094,306.3900146484375,299.4200134277344,127961000.0,SPY
2020-06-27,306.1600036621094,306.3900146484375,299.4200134277344,0.0,SPY
2020-06-28,306.1600036621094,306.3900146484375,299.4200134277344,0.0,SPY
2020-06-29,301.4100036621094,304.6099853515625,298.92999267578125,79773300.0,SPY
2020-06-30,303.989990234375,310.20001220703125,303.82000732421875,113394800.0,SPY
2020-07-01,309.57000732421875,311.8900146484375,309.07000732421875,72396500.0,SPY
2020-07-02,314.239990234375,315.70001220703125,311.510009765625,69344200.0,SPY
2020-07-03,314.239990234375,315.70001220703125,311.510009765625,0.0,SPY
2020-07-04,314.239990234375,315.70001220703125,311.510009765625,0.0,SPY
2020-07-05,314.239990234375,315.70001220703125,311.510009765625,0.0,SPY
2020-07-06,316.3699951171875,317.67999267578125,315.55999755859375,61713800.0,SPY
2020-07-07,315.3800048828125,317.5199890136719,313.3699951171875,82910000.0,SPY
2020-07-08,314.6099853515625,316.29998779296875,312.70001220703125,54638600.0,SPY
2020-07-09,316.8399963378906,317.1000061035156,310.67999267578125,83354200.0,SPY
2020-07-10,314.30999755859375,317.8800048828125,312.760009765625,57550400.0,SPY
2020-07-11,314.30999755859375,317.8800048828125,312.760009765625,0.0,SPY
2020-07-12,314.30999755859375,317.8800048828125,312.760009765625,0.0,SPY
2020-07-13,320.1300048828125,322.7099914550781,314.1300048828125,102997500.0,SPY
2020-07-14,313.29998779296875,319.760009765625,312.0,93657000.0,SPY
2020-07-15,322.4100036621094,323.0400085449219,319.2699890136719,87196500.0,SPY
2020-07-16,319.7900085449219,321.2799987792969,319.0899963378906,54622500.0,SPY
2020-07-17,321.8800048828125,322.57000732421875,319.739990234375,62774900.0,SPY
2020-07-18,321.8800048828125,322.57000732421875,319.739990234375,0.0,SPY
2020-07-19,321.8800048828125,322.57000732421875,319.739990234375,0.0,SPY
2020-07-20,321.42999267578125,325.1300048828125,320.6199951171875,56308800.0,SPY
2020-07-21,326.45001220703125,326.92999267578125,323.94000244140625,57292200.0,SPY
2020-07-22,324.6199951171875,327.20001220703125,324.5,57792900.0,SPY
2020-07-23,326.4700012207031,327.2300109863281,321.4800109863281,75738000.0,SPY
2020-07-24,320.95001220703125,321.989990234375,319.25,73766600.0,SPY
2020-07-25,320.95001220703125,321.989990234375,319.25,0.0,SPY
2020-07-26,320.95001220703125,321.989990234375,319.25,0.0,SPY
2020-07-27,321.6300048828125,323.4100036621094,320.7699890136719,48293000.0,SPY
2020-07-28,322.42999267578125,323.6400146484375,320.8500061035156,57495000.0,SPY
2020-07-29,322.1199951171875,325.7300109863281,322.0799865722656,48454200.0,SPY
2020-07-30,321.8999938964844,324.4100036621094,319.6400146484375,61861700.0,SPY
2020-07-31,325.8999938964844,326.6300048828125,321.3299865722656,84986800.0,SPY
2020-08-01,325.8999938964844,326.6300048828125,321.3299865722656,0.0,SPY
2020-08-02,325.8999938964844,326.6300048828125,321.3299865722656,0.0,SPY
2020-08-03,328.32000732421875,329.6199951171875,327.7300109863281,53077900.0,SPY
2020-08-04,327.8599853515625,330.05999755859375,327.8599853515625,41917900.0,SPY
2020-08-05,331.4700012207031,332.3900146484375,331.17999267578125,42697700.0,SPY
2020-08-06,331.4800109863281,334.4599914550781,331.1300048828125,43679400.0,SPY
2020-08-07,333.2799987792969,334.8800048828125,332.29998779296875,57308300.0,SPY
2020-08-08,333.2799987792969,334.8800048828125,332.29998779296875,0.0,SPY
2020-08-09,333.2799987792969,334.8800048828125,332.29998779296875,0.0,SPY
2020-08-10,335.05999755859375,335.7699890136719,332.9599914550781,44282100.0,SPY
2020-08-11,336.8500061035156,337.5400085449219,332.010009765625,69601100.0,SPY
2020-08-12,335.44000244140625,338.2799987792969,335.4100036621094,53774400.0,SPY
2020-08-13,336.6099853515625,338.25,335.8299865722656,41816100.0,SPY
2020-08-14,336.4100036621094,337.4200134277344,335.6199951171875,47260400.0,SPY
2020-08-15,336.4100036621094,337.4200134277344,335.6199951171875,0.0,SPY
2020-08-16,336.4100036621094,337.4200134277344,335.6199951171875,0.0,SPY
2020-08-17,337.94000244140625,338.3399963378906,336.8500061035156,35481000.0,SPY
2020-08-18,338.3399963378906,339.1000061035156,336.6099853515625,38733900.0,SPY
2020-08-19,339.04998779296875,339.6099853515625,336.6199951171875,68054200.0,SPY
2020-08-20,335.3599853515625,338.79998779296875,335.2200012207031,42207800.0,SPY
2020-08-21,337.9200134277344,339.7200012207031,337.54998779296875,55106600.0,SPY
2020-08-22,337.9200134277344,339.7200012207031,337.54998779296875,0.0,SPY
2020-08-23,337.9200134277344,339.7200012207031,337.54998779296875,0.0,SPY
2020-08-24,342.1199951171875,343.0,339.45001220703125,48588700.0,SPY
2020-08-25,343.5299987792969,344.2099914550781,342.2699890136719,38463400.0,SPY
2020-08-26,344.760009765625,347.8599853515625,344.1700134277344,50790200.0,SPY
2020-08-27,348.510009765625,349.8999938964844,346.5299987792969,58034100.0,SPY
2020-08-28,349.44000244140625,350.7200012207031,348.1499938964844,48588900.0,SPY
2020-08-29,349.44000244140625,350.7200012207031,348.1499938964844,0.0,SPY
2020-08-30,349.44000244140625,350.7200012207031,348.1499938964844,0.0,SPY
2020-08-31,350.3500061035156,351.29998779296875,349.05999755859375,66099200.0,SPY
2020-09-01,350.2099914550781,352.7099914550781,349.239990234375,54908700.0,SPY
2020-09-02,354.6700134277344,358.75,353.42999267578125,69540000.0,SPY
2020-09-03,355.8699951171875,356.3800048828125,342.5899963378906,148011100.0,SPY
2020-09-04,346.1300048828125,347.8299865722656,334.8699951171875,139156300.0,SPY
2020-09-05,346.1300048828125,347.8299865722656,334.8699951171875,0.0,SPY
2020-09-06,346.1300048828125,347.8299865722656,334.8699951171875,0.0,SPY
2020-09-07,346.1300048828125,347.8299865722656,334.8699951171875,0.0,SPY
2020-09-08,336.7099914550781,342.6400146484375,332.8800048828125,114465300.0,SPY
2020-09-09,337.54998779296875,342.4599914550781,336.6099853515625,91462300.0,SPY
2020-09-10,341.82000732421875,342.5299987792969,332.8500061035156,90569500.0,SPY
2020-09-11,335.82000732421875,336.9700012207031,331.0,84680200.0,SPY
2020-09-12,335.82000732421875,336.9700012207031,331.0,0.0,SPY
2020-09-13,335.82000732421875,336.9700012207031,331.0,0.0,SPY
2020-09-14,337.489990234375,340.3800048828125,334.2200012207031,65605700.0,SPY
2020-09-15,341.1199951171875,342.0199890136719,338.4700012207031,52920900.0,SPY
2020-09-16,341.510009765625,343.05999755859375,338.5199890136719,82096000.0,SPY
2020-09-17,333.55999755859375,337.70001220703125,332.989990234375,91523300.0,SPY
2020-09-18,335.3699951171875,335.489990234375,327.9700012207031,105877900.0,SPY
2020-09-19,335.3699951171875,335.489990234375,327.9700012207031,0.0,SPY
2020-09-20,335.3699951171875,335.489990234375,327.9700012207031,0.0,SPY
2020-09-21,325.70001220703125,327.1300048828125,321.7300109863281,99450800.0,SPY
2020-09-22,328.57000732421875,330.8999938964844,325.8599853515625,63612100.0,SPY
2020-09-23,330.8999938964844,331.20001220703125,322.1000061035156,93112200.0,SPY
2020-09-24,321.2200012207031,326.79998779296875,319.79998779296875,76681300.0,SPY
2020-09-25,322.5799865722656,329.5799865722656,321.6400146484375,71069400.0,SPY
2020-09-26,322.5799865722656,329.5799865722656,321.6400146484375,0.0,SPY
2020-09-27,322.5799865722656,329.5799865722656,321.6400146484375,0.0,SPY
2020-09-28,333.2200012207031,334.9599914550781,332.1499938964844,64584600.0,SPY
2020-09-29,333.9700012207031,334.7699890136719,331.6199951171875,51304000.0,SPY
2020-09-30,333.0899963378906,338.2900085449219,332.8800048828125,104081100.0,SPY
2020-10-01,337.69000244140625,338.739990234375,335.010009765625,88698700.0,SPY
2020-10-02,331.70001220703125,337.010009765625,331.19000244140625,89431100.0,SPY
2020-10-03,331.70001220703125,337.010009765625,331.19000244140625,0.0,SPY
2020-10-04,331.70001220703125,337.010009765625,331.19000244140625,0.0,SPY
2020-10-05,336.05999755859375,339.9599914550781,336.010009765625,45713100.0,SPY
2020-10-06,339.9100036621094,342.1700134277344,334.3800048828125,90128900.0,SPY
2020-10-07,338.1199951171875,341.6300048828125,338.0899963378906,56999600.0,SPY
2020-10-08,342.8500061035156,343.8500061035156,341.8599853515625,45242500.0,SPY
2020-10-09,345.55999755859375,347.3500061035156,344.8900146484375,59528600.0,SPY
2020-10-10,345.55999755859375,347.3500061035156,344.8900146484375,0.0,SPY
2020-10-11,345.55999755859375,347.3500061035156,344.8900146484375,0.0,SPY
2020-10-12,349.5899963378906,354.0199890136719,349.05999755859375,80388500.0,SPY
2020-10-13,352.2799987792969,352.4700012207031,349.0899963378906,73255500.0,SPY
2020-10-14,350.75,351.92999267578125,347.1400146484375,57727900.0,SPY
2020-10-15,343.7099914550781,348.0199890136719,343.1300048828125,60357700.0,SPY
2020-10-16,348.9599914550781,350.75,347.1000061035156,89501900.0,SPY
2020-10-17,348.9599914550781,350.75,347.1000061035156,0.0,SPY
2020-10-18,348.9599914550781,350.75,347.1000061035156,0.0,SPY
2020-10-19,348.6499938964844,349.3299865722656,341.0400085449219,68425600.0,SPY
2020-10-20,343.4599914550781,346.8800048828125,342.6400146484375,60051900.0,SPY
2020-10-21,343.3299865722656,345.6700134277344,342.3999938964844,63575000.0,SPY
2020-10-22,342.9599914550781,345.239990234375,340.6499938964844,55399300.0,SPY
2020-10-23,345.92999267578125,345.989990234375,343.1300048828125,49143900.0,SPY
2020-10-24,345.92999267578125,345.989990234375,343.1300048828125,0.0,SPY
2020-10-25,345.92999267578125,345.989990234375,343.1300048828125,0.0,SPY
2020-10-26,342.1300048828125,342.9800109863281,335.6199951171875,91473000.0,SPY
2020-10-27,339.760009765625,340.1199951171875,337.989990234375,65994100.0,SPY
2020-10-28,332.1000061035156,338.25,326.1300048828125,127094300.0,SPY
2020-10-29,326.9100036621094,333.3999938964844,325.0899963378906,90597700.0,SPY
2020-10-30,328.2799987792969,329.69000244140625,322.6000061035156,120287300.0,SPY
2020-10-31,328.2799987792969,329.69000244140625,322.6000061035156,0.0,SPY
2020-11-01,328.2799987792969,329.69000244140625,322.6000061035156,0.0,SPY
2020-11-02,330.20001220703125,332.3599853515625,327.239990234375,86068300.0,SPY
2020-11-03,333.69000244140625,338.25,330.2900085449219,93294200.0,SPY
2020-11-04,340.8599853515625,347.94000244140625,339.5899963378906,126959700.0,SPY
2020-11-05,349.239990234375,352.19000244140625,348.8599853515625,82039700.0,SPY
2020-11-06,349.92999267578125,351.510009765625,347.6499938964844,74973000.0,SPY
2020-11-07,349.92999267578125,351.510009765625,347.6499938964844,0.0,SPY
2020-11-08,349.92999267578125,351.510009765625,347.6499938964844,0.0,SPY
2020-11-09,363.9700012207031,364.3800048828125,354.05999755859375,172304200.0,SPY
2020-11-10,353.489990234375,355.17999267578125,350.510009765625,85552000.0,SPY
2020-11-11,356.3999938964844,357.55999755859375,355.05999755859375,58649000.0,SPY
2020-11-12,355.5799865722656,356.7200012207031,351.260009765625,67546200.0,SPY
2020-11-13,355.2699890136719,358.8999938964844,354.7099914550781,62892200.0,SPY
2020-11-14,355.2699890136719,358.8999938964844,354.7099914550781,0.0,SPY
2020-11-15,355.2699890136719,358.8999938964844,354.7099914550781,0.0,SPY
2020-11-16,360.9800109863281,362.7799987792969,359.5899963378906,74541100.0,SPY
2020-11-17,359.9700012207031,361.9200134277344,358.3399963378906,66111000.0,SPY
2020-11-18,360.9100036621094,361.5,356.239990234375,70591300.0,SPY
2020-11-19,355.6000061035156,358.17999267578125,354.1499938964844,59940900.0,SPY
2020-11-20,357.5,357.7200012207031,355.25,70417300.0,SPY
2020-11-21,357.5,357.7200012207031,355.25,0.0,SPY
2020-11-22,357.5,357.7200012207031,355.25,0.0,SPY
2020-11-23,357.2799987792969,358.82000732421875,354.8699951171875,63230600.0,SPY
2020-11-24,360.2099914550781,363.80999755859375,359.2900085449219,62415900.0,SPY
2020-11-25,363.1300048828125,363.1600036621094,361.4800109863281,45330900.0,SPY
2020-11-26,363.1300048828125,363.1600036621094,361.4800109863281,0.0,SPY
2020-11-27,363.8399963378906,364.17999267578125,362.5799865722656,28514100.0,SPY
2020-11-28,363.8399963378906,364.17999267578125,362.5799865722656,0.0,SPY
2020-11-29,363.8399963378906,364.17999267578125,362.5799865722656,0.0,SPY
2020-11-30,362.8299865722656,363.1199951171875,359.1700134277344,83872700.0,SPY
2020-12-01,365.57000732421875,367.67999267578125,364.92999267578125,74231400.0,SPY
2020-12-02,364.82000732421875,366.9599914550781,364.20001220703125,45927000.0,SPY
2020-12-03,366.67999267578125,368.19000244140625,365.5,62882000.0,SPY
2020-12-04,367.32000732421875,369.8500061035156,367.2200012207031,50749900.0,SPY
2020-12-05,367.32000732421875,369.8500061035156,367.2200012207031,0.0,SPY
2020-12-06,367.32000732421875,369.8500061035156,367.2200012207031,0.0,SPY
2020-12-07,369.0199890136719,369.6199951171875,367.7200012207031,48944300.0,SPY
2020-12-08,367.7200012207031,370.7799987792969,367.6700134277344,42458900.0,SPY
2020-12-09,370.8800048828125,371.04998779296875,365.95001220703125,74098300.0,SPY
2020-12-10,365.3699951171875,367.8599853515625,364.42999267578125,57735400.0,SPY
2020-12-11,364.8999938964844,366.739990234375,363.260009765625,57698600.0,SPY
2020-12-12,364.8999938964844,366.739990234375,363.260009765625,0.0,SPY
2020-12-13,364.8999938964844,366.739990234375,363.260009765625,0.0,SPY
2020-12-14,368.6400146484375,369.79998779296875,364.4700012207031,69216200.0,SPY
2020-12-15,367.3999938964844,369.5899963378906,365.9200134277344,63865300.0,SPY
2020-12-16,369.82000732421875,371.1600036621094,368.8699951171875,58420500.0,SPY
2020-12-17,371.94000244140625,372.4599914550781,371.04998779296875,64119500.0,SPY
2020-12-18,370.9700012207031,371.1499938964844,367.0199890136719,136542300.0,SPY
2020-12-19,370.9700012207031,371.1499938964844,367.0199890136719,0.0,SPY
2020-12-20,370.9700012207031,371.1499938964844,367.0199890136719,0.0,SPY
2020-12-21,364.9700012207031,378.4599914550781,362.0299987792969,96386700.0,SPY
2020-12-22,368.2099914550781,368.3299865722656,366.0299987792969,47949000.0,SPY
2020-12-23,368.2799987792969,369.6199951171875,367.2200012207031,46201400.0,SPY
2020-12-24,368.0799865722656,369.0299987792969,367.45001220703125,26457900.0,SPY
2020-12-25,368.0799865722656,369.0299987792969,367.45001220703125,0.0,SPY
2020-12-26,368.0799865722656,369.0299987792969,367.45001220703125,0.0,SPY
2020-12-27,368.0799865722656,369.0299987792969,367.45001220703125,0.0,SPY
2020-12-28,371.739990234375,372.5899963378906,371.07000732421875,39000400.0,SPY
2020-12-29,373.80999755859375,374.0,370.8299865722656,53680500.0,SPY
2020-12-30,372.3399963378906,373.1000061035156,371.57000732421875,49455300.0,SPY
2020-12-31,371.7799987792969,374.6600036621094,371.2300109863281,78520700.0,SPY
2021-01-01,371.7799987792969,374.6600036621094,371.2300109863281,0.0,SPY
2021-01-02,371.7799987792969,374.6600036621094,371.2300109863281,0.0,SPY
2021-01-03,371.7799987792969,374.6600036621094,371.2300109863281,0.0,SPY
2021-01-04,375.30999755859375,375.45001220703125,364.82000732421875,110210800.0,SPY
2021-01-05,368.1000061035156,372.5,368.04998779296875,66426200.0,SPY
2021-01-06,369.7099914550781,376.9800109863281,369.1199951171875,107997700.0,SPY
2021-01-07,376.1000061035156,379.8999938964844,375.9100036621094,68766800.0,SPY
2021-01-08,380.5899963378906,381.489990234375,377.1000061035156,71677200.0,SPY
2021-01-09,380.5899963378906,381.489990234375,377.1000061035156,0.0,SPY
2021-01-10,380.5899963378906,381.489990234375,377.1000061035156,0.0,SPY
2021-01-11,377.8500061035156,380.5799865722656,377.7200012207031,51034700.0,SPY
2021-01-12,378.8900146484375,379.8599853515625,376.3599853515625,52547700.0,SPY
2021-01-13,378.69000244140625,380.8599853515625,377.8500061035156,45303600.0,SPY
2021-01-14,380.5899963378906,381.1300048828125,378.1000061035156,49989100.0,SPY
2021-01-15,376.7200012207031,377.5799865722656,373.70001220703125,107160000.0,SPY
2021-01-16,376.7200012207031,377.5799865722656,373.70001220703125,0.0,SPY
2021-01-17,376.7200012207031,377.5799865722656,373.70001220703125,0.0,SPY
2021-01-18,376.7200012207031,377.5799865722656,373.70001220703125,0.0,SPY
2021-01-19,378.3399963378906,379.2300109863281,376.75,51233300.0,SPY
2021-01-20,381.1099853515625,384.7900085449219,380.69000244140625,61836100.0,SPY
2021-01-21,384.489990234375,384.95001220703125,383.25,47840100.0,SPY
2021-01-22,382.25,384.1300048828125,381.8399963378906,52860500.0,SPY
2021-01-23,382.25,384.1300048828125,381.8399963378906,0.0,SPY
2021-01-24,382.25,384.1300048828125,381.8399963378906,0.0,SPY
2021-01-25,383.6700134277344,384.7699890136719,378.4599914550781,70402000.0,SPY
2021-01-26,385.4100036621094,385.8500061035156,383.5400085449219,42665300.0,SPY
2021-01-27,380.2200012207031,380.32000732421875,372.010009765625,123351100.0,SPY
2021-01-28,376.3599853515625,381.92999267578125,375.8900146484375,94198100.0,SPY
2021-01-29,375.6300048828125,376.6700134277344,368.2699890136719,126765100.0,SPY
2021-01-30,375.6300048828125,376.6700134277344,368.2699890136719,0.0,SPY
2021-01-31,375.6300048828125,376.6700134277344,368.2699890136719,0.0,SPY
2021-02-01,373.7200012207031,377.3399963378906,370.3800048828125,75817600.0,SPY
2021-02-02,379.6499938964844,383.2200012207031,376.32000732421875,64450700.0,SPY
2021-02-03,382.44000244140625,383.70001220703125,380.4800109863281,52427100.0,SPY
2021-02-04,382.9599914550781,386.239990234375,381.9700012207031,47142600.0,SPY
2021-02-05,388.20001220703125,388.4700012207031,386.1400146484375,48669800.0,SPY
2021-02-06,388.20001220703125,388.4700012207031,386.1400146484375,0.0,SPY
2021-02-07,388.20001220703125,388.4700012207031,386.1400146484375,0.0,SPY
2021-02-08,389.2699890136719,390.55999755859375,388.3500061035156,38365200.0,SPY
2021-02-09,389.6099853515625,390.8900146484375,389.1700134277344,35551100.0,SPY
2021-02-10,392.1199951171875,392.2799987792969,387.5,59154400.0,SPY
2021-02-11,391.239990234375,391.69000244140625,388.1000061035156,42913300.0,SPY
2021-02-12,389.8500061035156,392.8999938964844,389.7699890136719,50593300.0,SPY
2021-02-13,389.8500061035156,392.8999938964844,389.7699890136719,0.0,SPY
2021-02-14,389.8500061035156,392.8999938964844,389.7699890136719,0.0,SPY
2021-02-15,389.8500061035156,392.8999938964844,389.7699890136719,0.0,SPY
2021-02-16,393.9599914550781,394.1700134277344,391.5299987792969,50972400.0,SPY
2021-02-17,390.4200134277344,392.6600036621094,389.3299865722656,52290600.0,SPY
2021-02-18,389.5899963378906,391.5199890136719,387.739990234375,59712800.0,SPY
2021-02-19,392.07000732421875,392.3800048828125,389.54998779296875,83241000.0,SPY
2021-02-20,392.07000732421875,392.3800048828125,389.54998779296875,0.0,SPY
2021-02-21,392.07000732421875,392.3800048828125,389.54998779296875,0.0,SPY
2021-02-22,387.05999755859375,389.6199951171875,386.739990234375,67414200.0,SPY
2021-02-23,384.6600036621094,388.95001220703125,380.20001220703125,107284100.0,SPY
2021-02-24,386.3299865722656,392.2300109863281,385.2699890136719,72433900.0,SPY
2021-02-25,390.4100036621094,391.8800048828125,380.7799987792969,146670500.0,SPY
2021-02-26,384.3500061035156,385.5799865722656,378.2300109863281,152701600.0,SPY
2021-02-27,384.3500061035156,385.5799865722656,378.2300109863281,0.0,SPY
2021-02-28,384.3500061035156,385.5799865722656,378.2300109863281,0.0,SPY
2021-03-01,385.5899963378906,390.9200134277344,380.57000732421875,105348800.0,SPY
2021-03-02,389.82000732421875,390.07000732421875,386.0,79595300.0,SPY
2021-03-03,385.7900085449219,386.8299865722656,381.30999755859375,119940200.0,SPY
2021-03-04,381.2200012207031,384.0,371.8800048828125,183433000.0,SPY
2021-03-05,380.4599914550781,384.760009765625,372.6400146484375,152039600.0,SPY
2021-03-06,380.4599914550781,384.760009765625,372.6400146484375,0.0,SPY
2021-03-07,380.4599914550781,384.760009765625,372.6400146484375,0.0,SPY
2021-03-08,384.6600036621094,387.67999267578125,381.4200134277344,123149200.0,SPY
2021-03-09,385.8500061035156,389.9100036621094,385.30999755859375,113633600.0,SPY
2021-03-10,389.69000244140625,391.3999938964844,388.1700134277344,109899400.0,SPY
2021-03-11,392.2300109863281,395.6499938964844,391.739990234375,86245000.0,SPY
2021-03-12,392.07000732421875,394.2099914550781,391.20001220703125,64653600.0,SPY
2021-03-13,392.07000732421875,394.2099914550781,391.20001220703125,0.0,SPY
2021-03-14,392.07000732421875,394.2099914550781,391.20001220703125,0.0,SPY
2021-03-15,394.3299865722656,396.69000244140625,392.0299987792969,73427200.0,SPY
2021-03-16,397.07000732421875,397.8299865722656,395.0799865722656,73722500.0,SPY
2021-03-17,394.5299987792969,398.1199951171875,393.29998779296875,97959300.0,SPY
